"PRODUCERSOURCECD","ytd_pretax_income","ytd_tax","income_year"
"AG000006",6756460.00,337820.00,2015
"AG000054",1826125.00,91305.00,2015
"AG000063",2650405.00,370199.00,2015
"AG000096",11355062.00,567751.00,2015
"AG000097",11585420.00,579270.00,2015
"AG000121",1324200.00,66210.00,2015
"AG000133",767000.00,38350.00,2015
"AG000159",2740778.00,328783.00,2015
"AG000185",951550.00,47577.00,2015
"AG000187",35599382.00,1779965.00,2015
"AG000193",18834460.00,1087797.00,2015
"AG000206",635550.00,31777.00,2015
"AG000211",1255600.00,62779.00,2015
"AG000223",5732103.00,504359.00,2015
"AG000235",1080275.00,54013.00,2015
"AG000333",26101338.00,1305065.00,2015
"AG000387",346375.00,17318.00,2015
"AG000397",986975.00,49348.00,2015
"AG000421",600650.00,30032.00,2015
"AG000442",6034660.00,301733.00,2015
"AG000443",6008075.00,300403.00,2015
"AG000466",3849560.00,192478.00,2015
"AG000473",3012553.00,150627.00,2015
"AG000532",2958505.00,147924.00,2015
"AG000544",1491020.00,74551.00,2015
"AG000551",101320371.00,5066013.00,2015
"AG000553",25396064.00,1269803.00,2015
"AG000560",7853250.00,392661.00,2015
"AG000585",939965.00,46998.00,2015
"AG000597",3557550.00,177876.00,2015
"AG000599",639920.00,31996.00,2015
"AG000618",2816100.00,140805.00,2015
"AG000626",576350.00,28817.00,2015
"AG000700",987750.00,49387.00,2015
"AG000704",54688371.00,2783122.00,2015
"AG000706",6757409.00,337870.00,2015
"AG000707",2522850.00,126142.00,2015
"AG000735",4177560.00,208877.00,2015
"AG000790",2621825.00,131091.00,2015
"AG000831",4057480.00,202874.00,2015
"AG000835",1231800.00,61590.00,2015
"AG000840",1636350.00,81817.00,2015
"AG000846",2667953.00,133397.00,2015
"AG000860",441203.00,259740.00,2015
"AG000867",1007925.00,50396.00,2015
"AG000877",5130680.00,289542.00,2015
"AG000878",3391280.00,169562.00,2015
"AG000883",5711013.00,437836.00,2015
"AG000899",1360550.00,68027.00,2015
"AG000900",4026250.00,201312.00,2015
"AG000914",6462254.00,323112.00,2015
"AG000915",616825.00,30841.00,2015
"AG000917",3286200.00,164310.00,2015
"AG000950",3593300.00,179664.00,2015
"AG000951",5732835.00,286641.00,2015
"AG000957",3684600.00,184229.00,2015
"AG000960",8514448.00,515225.00,2015
"AG000963",13351196.00,667559.00,2015
"AG000974",307675.00,15383.00,2015
"AG000975",2541684.00,127084.00,2015
"AG000988",594555.00,29727.00,2015
"AG000990",12316867.00,615840.00,2015
"AG000992",4522240.00,226112.00,2015
"AG001050",2609210.00,130459.00,2015
"AG001052",1904150.00,95207.00,2015
"AG001093",573550.00,28677.00,2015
"AG001110",1635040.00,81752.00,2015
"AG001113",1763725.00,88186.00,2015
"AG001114",477180.00,23859.00,2015
"AG001116",2042700.00,102135.00,2015
"AG001143",2502600.00,125129.00,2015
"AG001154",2168125.00,108405.00,2015
"AG001161",950775.00,47538.00,2015
"AG001165",400000.00,20000.00,2015
"AG001170",21681810.00,1084090.00,2015
"AG001181",50676343.00,2533816.00,2015
"AG001183",654949.00,32747.00,2015
"AG001189",1016325.00,50816.00,2015
"AG001193",4940875.00,247043.00,2015
"AG001203",6256506.00,405919.00,2015
"AG001218",2432760.00,121638.00,2015
"AG001223",20545826.00,1092757.00,2015
"AG001233",52628057.00,2732027.00,2015
"AG001257",1298161.00,64908.00,2015
"AG001258",2623520.00,131176.00,2015
"AG001264",8217040.00,410852.00,2015
"AG001270",14201387.00,804791.00,2015
"AG001271",43293005.00,2164648.00,2015
"AG001276",400000.00,20000.00,2015
"AG001278",3590894.00,179542.00,2015
"AG001288",35097162.00,1820324.00,2015
"AG001289",506692355.00,25334613.00,2015
"AG001290",654800.00,32740.00,2015
"AG001291",8932665.00,446633.00,2015
"AG001292",554049444.00,27745604.00,2015
"AG001293",68918316.00,3445914.00,2015
"AG001294",2240003.00,212534.00,2015
"AG001296",352350.00,17617.00,2015
"AG001297",949400.00,47470.00,2015
"AG001299",8262736.00,413135.00,2015
"AG001304",5339724.00,397922.00,2015
"AG001305",2351750.00,117587.00,2015
"AG001307",2604775.00,130238.00,2015
"AG001310",4441200.00,222060.00,2015
"AG001330",1552000.00,77600.00,2015
"AG001331",227617042.00,11446317.00,2015
"AG001334",558335.00,27916.00,2015
"AG001335",612905.00,30645.00,2015
"AG001345",1184025.00,59201.00,2015
"AG001353",12994764.00,649737.00,2015
"AG001362",12985533.00,649276.00,2015
"AG001366",45401030.00,5025773.00,2015
"AG001367",52231851.00,2611590.00,2015
"AG001368",3044520.00,152226.00,2015
"AG001379",3903600.00,195180.00,2015
"AG001381",15953783.00,797688.00,2015
"AG001387",29596385.00,1479819.00,2015
"AG001388",7268930.00,363443.00,2015
"AG001406",395805.00,19790.00,2015
"AG001412",31301115.00,1565053.00,2015
"AG001431",33793035.00,1689649.00,2015
"AG001433",1690650.00,84532.00,2015
"AG001436",9138703.00,456933.00,2015
"AG001438",41866412.00,4902194.00,2015
"AG001442",383775.00,19188.00,2015
"AG001444",6195969.00,309798.00,2015
"AG001445",168130126.00,8537441.00,2015
"AG001454",1218320.00,60916.00,2015
"AG001455",3224000.00,161200.00,2015
"AG001463",8341632.00,540114.00,2015
"AG001464",26519844.00,1325992.00,2015
"AG001471",104886637.00,5244327.00,2015
"AG001479",984697.00,49234.00,2015
"AG001480",236756.00,11836.00,2015
"AG001483",1578380.00,78918.00,2015
"AG001488",37905539.00,1895276.00,2015
"AG001498",14888981.00,744447.00,2015
"AG001500",71330787.00,3566537.00,2015
"AG001502",3203500.00,160175.00,2015
"AG001504",141901894.00,7159830.00,2015
"AG001505",24863065.00,1243153.00,2015
"AG001506",715836.00,363706.00,2015
"AG001509",1022887.00,51144.00,2015
"AG001510",4170942.00,208547.00,2015
"AG001511",388549086.00,19474397.00,2015
"AG001512",221671524.00,11083574.00,2015
"AG001513",22629325.00,1131466.00,2015
"AG001514",3236570.00,161828.00,2015
"AG001516",282975.00,14148.00,2015
"AG001519",5743251.00,287162.00,2015
"AG001520",6830636.00,341531.00,2015
"AG001522",24301529.00,1301891.00,2015
"AG001529",1125280.00,56264.00,2015
"AG001534",19824315.00,991215.00,2015
"AG001536",12525264.00,626263.00,2015
"AG001540",14531454.00,811723.00,2015
"AG001547",814333.00,40716.00,2015
"AG001555",9766621.00,488331.00,2015
"AG001556",498288.00,24914.00,2015
"AG001560",10994310.00,549715.00,2015
"AG001562",2679830.00,133991.00,2015
"AG001564",1434875.00,71743.00,2015
"AG001574",1032505.00,51625.00,2015
"AG001589",2307470.00,115373.00,2015
"AG001592",10125288.00,506263.00,2015
"AG001605",83546776.00,4177335.00,2015
"AG001608",1552000.00,77600.00,2015
"AG001610",1332000.00,66600.00,2015
"AG001611",6325120.00,316255.00,2015
"AG001614",117085218.00,5911222.00,2015
"AG001617",165356973.00,11054662.00,2015
"AG001619",15138980.00,756948.00,2015
"AG001635",7366226.00,368308.00,2015
"AG001639",15595632.00,2388657.00,2015
"AG001641",8808767.00,440438.00,2015
"AG001646",5690261.00,284512.00,2015
"AG001661",12705430.00,635271.00,2015
"AG001664",3712551.00,185626.00,2015
"AG001668",868815.00,43439.00,2015
"AG001671",21196962.00,1059848.00,2015
"AG001673",400000.00,20000.00,2015
"AG001677",22153726.00,1107685.00,2015
"AG001678",16013140.00,800657.00,2015
"AG001679",1952000.00,97600.00,2015
"AG001681",735360.00,36768.00,2015
"AG001686",4721985.00,236098.00,2015
"AG001693",80367558.00,4018377.00,2015
"AG001694",12976864.00,648843.00,2015
"AG001709",62338505.00,3116924.00,2015
"AG001712",78764767.00,4047115.00,2015
"AG001715",58319257.00,3024839.00,2015
"AG001716",4560309.00,228015.00,2015
"AG001719",6868201.00,343410.00,2015
"AG001721",82424226.00,4196847.00,2015
"AG001722",19794879.00,989743.00,2015
"AG001723",2775400.00,138770.00,2015
"AG001725",33115057.00,1655752.00,2015
"AG001726",75172672.00,3889569.00,2015
"AG001727",56326155.00,2937247.00,2015
"AG001729",871307.00,43564.00,2015
"AG001736",8235520.00,411775.00,2015
"AG001750",850200.00,42510.00,2015
"AG001757",10405931.00,651233.00,2015
"AG001760",29734319.00,1486714.00,2015
"AG001763",578750.00,28937.00,2015
"AG001765",17288883.00,864444.00,2015
"AG001767",448232.00,22411.00,2015
"AG001780",7653892.00,513632.00,2015
"AG001790",914041.00,45702.00,2015
"AG001792",6006435.00,300319.00,2015
"AG001803",15547784.00,777389.00,2015
"AG001829",32152328.00,1607616.00,2015
"AG001832",500000.00,25000.00,2015
"AG001836",12049412.00,602469.00,2015
"AG001839",3974189.00,198709.00,2015
"AG001845",2591600.00,129580.00,2015
"AG001849",1311058.00,65552.00,2015
"AG001858",6510370.00,325518.00,2015
"AG001863",559280.00,27964.00,2015
"AG001869",5448380.00,272418.00,2015
"AG001874",1842928.00,92146.00,2015
"AG001876",815277.00,40763.00,2015
"AG001886",529822.00,26491.00,2015
"AG001888",1059742.00,52987.00,2015
"AG001891",788515.00,39425.00,2015
"AG001892",1882150.00,94107.00,2015
"AG001894",4556950.00,227847.00,2015
"AG001895",7967724.00,519465.00,2015
"AG001896",211693750.00,10584686.00,2015
"AG001900",400000.00,20000.00,2015
"AG001903",5819600.00,290980.00,2015
"AG001904",5787200.00,289360.00,2015
"AG001905",18012740.00,900637.00,2015
"AG001907",1153490.00,57674.00,2015
"AG001933",640662.00,32033.00,2015
"AG001934",2843350.00,142167.00,2015
"AG001943",11716670.00,585832.00,2015
"AG001948",27029380.00,1351465.00,2015
"AG001949",2406400.00,120320.00,2015
"AG001950",21664027.00,1214137.00,2015
"AG001951",21512605.00,1075629.00,2015
"AG001953",12623853.00,631191.00,2015
"AG001958",2431110.00,121555.00,2015
"AG001959",486390.00,24319.00,2015
"AG001970",12769033.00,638450.00,2015
"AG001973",17351218.00,867559.00,2015
"AG001974",1552000.00,77600.00,2015
"AG001975",191827.00,9591.00,2015
"AG001979",400000.00,20000.00,2015
"AG001981",3869554.00,193477.00,2015
"AG001987",5577922.00,278896.00,2015
"AG001991",3596160.00,179808.00,2015
"AG001994",2800710.00,140035.00,2015
"AG001999",33953846.00,1697688.00,2015
"AG002000",80789308.00,4039465.00,2015
"AG002002",31486948.00,1772779.00,2015
"AG002003",3637581.00,181879.00,2015
"AG002007",4567107.00,228355.00,2015
"AG002008",1130653.00,56532.00,2015
"AG002013",815571.00,40778.00,2015
"AG002018",6112748.00,305636.00,2015
"AG002020",4104230.00,205211.00,2015
"AG002026",3976654.00,198832.00,2015
"AG002031",7172464.00,358622.00,2015
"AG002034",5114670.00,255733.00,2015
"AG002041",1953400.00,97670.00,2015
"AG002043",15500200.00,775010.00,2015
"AG002044",2872998.00,143649.00,2015
"AG002047",94100909.00,4705045.00,2015
"AG002051",17900951.00,895045.00,2015
"AG002057",909949.00,45497.00,2015
"AG002060",71671625.00,3583578.00,2015
"AG002062",65426819.00,3271339.00,2015
"AG002064",209647359.00,10613304.00,2015
"AG002066",12365004.00,618248.00,2015
"AG002071",400000.00,20000.00,2015
"AG002078",11016248.00,550812.00,2015
"AG002080",12578295.00,628914.00,2015
"AG002081",16766560.00,887685.00,2015
"AG002087",8693385.00,434668.00,2015
"AG002089",15091400.00,754570.00,2015
"AG002091",7125744.00,356287.00,2015
"AG002099",11263336.00,563165.00,2015
"AG002102",4376580.00,218828.00,2015
"AG002107",8148158.00,407402.00,2015
"AG002108",5151350.00,257567.00,2015
"AG002109",7788220.00,389410.00,2015
"AG002123",2796010.00,139800.00,2015
"AG002124",400000.00,20000.00,2015
"AG002131",2468050.00,123402.00,2015
"AG002135",4242860.00,217947.00,2015
"AG002138",18339246.00,916960.00,2015
"AG002139",19573457.00,978672.00,2015
"AG002149",3903323.00,195165.00,2015
"AG002152",3849885.00,192494.00,2015
"AG002160",35337367.00,1766864.00,2015
"AG002166",30061651.00,1503081.00,2015
"AG002175",6313337.00,315666.00,2015
"AG002179",2320580.00,116029.00,2015
"AG002184",2551350.00,127567.00,2015
"AG002186",3403400.00,170170.00,2015
"AG002198",4998726.00,249935.00,2015
"AG002200",5626602.00,281329.00,2015
"AG002210",1675155.00,83757.00,2015
"AG002211",40014073.00,2022758.00,2015
"AG002216",120661634.00,6033076.00,2015
"AG002224",738606.00,36930.00,2015
"AG002236",49504157.00,2475207.00,2015
"AG002237",945483.00,47274.00,2015
"AG002238",4402080.00,220104.00,2015
"AG002240",12459322.00,622964.00,2015
"AG002241",730398.00,36519.00,2015
"AG002243",657765.00,32888.00,2015
"AG002246",2124050.00,106202.00,2015
"AG002251",2185200.00,109260.00,2015
"AG002259",5304090.00,265204.00,2015
"AG002265",6248810.00,312440.00,2015
"AG002266",5353024.00,267651.00,2015
"AG002268",29385169.00,1469256.00,2015
"AG002269",7710540.00,385527.00,2015
"AG002271",5338800.00,266940.00,2015
"AG002272",7018110.00,350905.00,2015
"AG002273",8703454.00,435171.00,2015
"AG002274",174051678.00,8702583.00,2015
"AG002275",11744019.00,587198.00,2015
"AG002279",6221122.00,311056.00,2015
"AG002287",35028929.00,1751446.00,2015
"AG002293",34792023.00,1739600.00,2015
"AG002299",400000.00,20000.00,2015
"AG002300",27554127.00,1377704.00,2015
"AG002301",15497615.00,774879.00,2015
"AG002303",24416276.00,1220813.00,2015
"AG002312",5515558.00,275777.00,2015
"AG002319",4817600.00,240880.00,2015
"AG002320",16967617.00,848380.00,2015
"AG002323",34065420.00,1703270.00,2015
"AG002325",11066741.00,553335.00,2015
"AG002329",235041496.00,11752070.00,2015
"AG002332",45197543.00,2259874.00,2015
"AG002336",8436713.00,421835.00,2015
"AG002346",554340.00,27717.00,2015
"AG002349",8861780.00,443089.00,2015
"AG002351",3600160.00,180008.00,2015
"AG002365",56507420.00,4777655.00,2015
"AG002367",612168.00,30608.00,2015
"AG002370",27207907.00,1360394.00,2015
"AG002373",4302480.00,215124.00,2015
"AG002374",28235399.00,1607461.00,2015
"AG002376",701644.00,35082.00,2015
"AG002388",4108870.00,205443.00,2015
"AG002392",13116376.00,655818.00,2015
"AG002393",5061831.00,253091.00,2015
"AG002395",1021706.00,51085.00,2015
"AG002399",20511196.00,1025558.00,2015
"AG002400",22561874.00,1128092.00,2015
"AG002407",6499037.00,324951.00,2015
"AG002408",4784050.00,239202.00,2015
"AG002412",57220615.00,2861028.00,2015
"AG002420",725180.00,36259.00,2015
"AG002422",5343194.00,267159.00,2015
"AG002425",549153.00,27457.00,2015
"AG002428",61847268.00,3157828.00,2015
"AG002430",483420.00,24171.00,2015
"AG002432",534060.00,26703.00,2015
"AG002440",18397978.00,919897.00,2015
"AG002446",779074.00,38953.00,2015
"AG002447",8361294.00,418064.00,2015
"AG002448",971850.00,48592.00,2015
"AG002451",25934130.00,1296706.00,2015
"AG002452",7915782.00,395788.00,2015
"AG002457",4956500.00,247825.00,2015
"AG002458",34090653.00,1704531.00,2015
"AG002459",634260.00,155393.00,2015
"AG002462",73464478.00,3836183.00,2015
"AG002464",31325422.00,1682582.00,2015
"AG002467",8674358.00,433717.00,2015
"AG002468",12879312.00,643965.00,2015
"AG002469",27044686.00,1352232.00,2015
"AG002474",5305900.00,265295.00,2015
"AG002479",946570.00,47328.00,2015
"AG002482",41550937.00,2143012.00,2015
"AG002484",7389910.00,575635.00,2015
"AG002485",491379.00,24568.00,2015
"AG002488",500643.00,25032.00,2015
"AG002490",5956617.00,297830.00,2015
"AG002494",527832.00,26391.00,2015
"AG002503",88878901.00,4487349.00,2015
"AG002504",19059272.00,952963.00,2015
"AG002505",1987590.00,99379.00,2015
"AG002506",75024985.00,3751246.00,2015
"AG002507",4085080.00,204254.00,2015
"AG002530",1320929.00,66046.00,2015
"AG002537",602370.00,30118.00,2015
"AG002543",9268145.00,463407.00,2015
"AG002544",1262400.00,63120.00,2015
"AG002545",1400000.00,70000.00,2015
"AG002547",513939.00,25696.00,2015
"AG002551",510696.00,25534.00,2015
"AG002557",761838.00,38091.00,2015
"AG002562",602452.00,30122.00,2015
"AG002565",7169734.00,858485.00,2015
"AG002570",15020629.00,751030.00,2015
"AG002571",11580193.00,579009.00,2015
"AG002576",14634434.00,731720.00,2015
"AG002580",13416790.00,670839.00,2015
"AG002581",24222364.00,1211117.00,2015
"AG002584",13740211.00,687010.00,2015
"AG002585",8663020.00,433151.00,2015
"AG002589",46337402.00,2316868.00,2015
"AG002592",4001910.00,200095.00,2015
"AG002596",15532867.00,776643.00,2015
"AG002597",2212085.00,110604.00,2015
"AG002604",18759790.00,937989.00,2015
"AG002605",25208633.00,1260430.00,2015
"AG002607",4725157.00,236257.00,2015
"AG002612",3786470.00,189323.00,2015
"AG002620",4097975.00,204898.00,2015
"AG002625",360743729.00,18037181.00,2015
"AG002627",6004554.00,300227.00,2015
"AG002629",36578656.00,1974919.00,2015
"AG002632",19854395.00,992718.00,2015
"AG002634",7126770.00,356338.00,2015
"AG002640",8532767.00,426637.00,2015
"AG002641",1825470.00,91273.00,2015
"AG002647",7041453.00,352072.00,2015
"AG002651",494844.00,24742.00,2015
"AG002654",5777002.00,288850.00,2015
"AG002656",2689225.00,134461.00,2015
"AG002661",400000.00,20000.00,2015
"AG002662",8211789.00,2005591.00,2015
"AG002663",7752180.00,387609.00,2015
"AG002665",38807030.00,2708050.00,2015
"AG002668",27624726.00,1381235.00,2015
"AG002671",4621978.00,231098.00,2015
"AG002684",2926164.00,146308.00,2015
"AG002691",452190.00,22609.00,2015
"AG002694",2638031.00,131901.00,2015
"AG002702",441203.00,259740.00,2015
"AG002704",4029574.00,201478.00,2015
"AG002707",54715193.00,2735757.00,2015
"AG002708",44796007.00,2239800.00,2015
"AG002714",7392633.00,369630.00,2015
"AG002723",21914119.00,1095705.00,2015
"AG002724",7862312.00,393115.00,2015
"AG002727",9642874.00,513717.00,2015
"AG002728",2863354.00,143167.00,2015
"AG002730",43462287.00,2173113.00,2015
"AG002735",1149663.00,57483.00,2015
"AG002740",2608320.00,130416.00,2015
"AG002746",11601762.00,771439.00,2015
"AG002748",40775504.00,2038773.00,2015
"AG002752",886180.00,44309.00,2015
"AG002753",2990506.00,149525.00,2015
"AG002754",21233166.00,1061657.00,2015
"AG002758",323590366.00,16326053.00,2015
"AG002763",13499163.00,674958.00,2015
"AG002765",35319720.00,1765986.00,2015
"AG002767",13213523.00,660675.00,2015
"AG002770",456660.00,22833.00,2015
"AG002771",13112110.00,655605.00,2015
"AG002772",2420113.00,121005.00,2015
"AG002773",39383533.00,1969176.00,2015
"AG002774",28398415.00,1419920.00,2015
"AG002776",557727.00,27886.00,2015
"AG002783",1002409.00,50120.00,2015
"AG002788",562842.00,28142.00,2015
"AG002790",9839160.00,491956.00,2015
"AG002791",4107064.00,205353.00,2015
"AG002794",5290266.00,264513.00,2015
"AG002798",14445338.00,722266.00,2015
"AG002800",400000.00,20000.00,2015
"AG002805",5670849.00,283542.00,2015
"AG002808",36895285.00,1844764.00,2015
"AG002811",1128208.00,56410.00,2015
"AG002815",13425139.00,671255.00,2015
"AG002816",18536372.00,926817.00,2015
"AG002817",1474797.00,73739.00,2015
"AG002820",55612868.00,2780642.00,2015
"AG002822",5159330.00,378906.00,2015
"AG002824",3766742.00,188337.00,2015
"AG002825",687621.00,34381.00,2015
"AG002827",501039.00,25051.00,2015
"AG002828",2452642.00,122632.00,2015
"AG002831",542046.00,27102.00,2015
"AG002836",400000.00,20000.00,2015
"AG002838",11920518.00,596025.00,2015
"AG002840",400000.00,20000.00,2015
"AG002843",4815576.00,240778.00,2015
"AG002845",20708594.00,1035429.00,2015
"AG002846",483125.00,24156.00,2015
"AG002847",414600.00,20730.00,2015
"AG002851",1219534.00,60976.00,2015
"AG002857",706761.00,35338.00,2015
"AG002858",24447289.00,1222363.00,2015
"AG002859",2571200.00,128560.00,2015
"AG002861",9578804.00,478939.00,2015
"AG002863",35859593.00,1792979.00,2015
"AG002864",483573.00,24178.00,2015
"AG002869",3126130.00,156306.00,2015
"AG002874",16610332.00,830516.00,2015
"AG002875",12810952.00,640547.00,2015
"AG002880",4701630.00,235081.00,2015
"AG002882",12251404.00,612570.00,2015
"AG002885",4815858.00,240792.00,2015
"AG002886",5429882.00,271493.00,2015
"AG002889",21973317.00,1098665.00,2015
"AG002890",71862852.00,3593141.00,2015
"AG002892",2505360.00,125268.00,2015
"AG002895",193340.00,9667.00,2015
"AG002901",11439608.00,571979.00,2015
"AG002902",56454971.00,2822747.00,2015
"AG002904",400000.00,20000.00,2015
"AG002905",400000.00,20000.00,2015
"AG002909",53687294.00,2684363.00,2015
"AG002910",8755265.00,437762.00,2015
"AG002911",7641532.00,382076.00,2015
"AG002918",30537985.00,1526899.00,2015
"AG002919",17022193.00,851108.00,2015
"AG002925",6454658.00,322732.00,2015
"AG002933",2273629.00,113681.00,2015
"AG002934",671460.00,33573.00,2015
"AG002945",9324403.00,466218.00,2015
"AG002949",8980840.00,449041.00,2015
"AG002952",3467704.00,173385.00,2015
"AG002953",16525993.00,826298.00,2015
"AG002955",9018112.00,450905.00,2015
"AG002956",8667120.00,433354.00,2015
"AG002957",25426364.00,1271318.00,2015
"AG002959",4609480.00,230474.00,2015
"AG002963",15362582.00,768129.00,2015
"AG002966",16310655.00,815532.00,2015
"AG002968",1702214.00,85110.00,2015
"AG002969",8070615.00,595523.00,2015
"AG002973",44657294.00,2232863.00,2015
"AG002976",36730085.00,1836502.00,2015
"AG002977",6228555.00,311427.00,2015
"AG002978",5657841.00,282891.00,2015
"AG002979",494460.00,24723.00,2015
"AG002988",5221310.00,261065.00,2015
"AG002989",1552000.00,77600.00,2015
"AG002993",400000.00,20000.00,2015
"AG002994",642180.00,32109.00,2015
"AG002996",6202466.00,310123.00,2015
"AG002997",644292.00,32214.00,2015
"AG003000",57447712.00,2872385.00,2015
"AG003004",3541470.00,177073.00,2015
"AG003005",28407049.00,1420351.00,2015
"AG003009",701343.00,35067.00,2015
"AG003016",4657580.00,232879.00,2015
"AG003017",2764882.00,138244.00,2015
"AG003018",37296416.00,1864819.00,2015
"AG003020",5960182.00,298009.00,2015
"AG003022",3206340.00,160317.00,2015
"AG003024",3484874.00,174243.00,2015
"AG003026",8526652.00,426332.00,2015
"AG003028",50267372.00,2513367.00,2015
"AG003029",5088603.00,1254428.00,2015
"AG003030",11958561.00,597927.00,2015
"AG003032",354891.00,17744.00,2015
"AG003035",400000.00,20000.00,2015
"AG003039",781065.00,39053.00,2015
"AG003040",13949481.00,697472.00,2015
"AG003042",3933980.00,348984.00,2015
"AG003058",1548038.00,77401.00,2015
"AG003059",400000.00,20000.00,2015
"AG003063",11676540.00,583826.00,2015
"AG003064",2304000.00,115200.00,2015
"AG003065",24704441.00,1235222.00,2015
"AG003068",400000.00,20000.00,2015
"AG003073",2060820.00,103041.00,2015
"AG003076",23852283.00,1192614.00,2015
"AG003077",52429961.00,2621496.00,2015
"AG003078",76115255.00,3805762.00,2015
"AG003082",351549.00,17577.00,2015
"AG003083",6004185.00,300209.00,2015
"AG003088",29182456.00,1459121.00,2015
"AG003090",14485797.00,724287.00,2015
"AG003091",417138.00,20856.00,2015
"AG003092",8998641.00,1949931.00,2015
"AG003093",1154573.00,57728.00,2015
"AG003097",1207151.00,60357.00,2015
"AG003098",1232646.00,61632.00,2015
"AG003099",18984896.00,949243.00,2015
"AG003100",65003699.00,3250183.00,2015
"AG003101",89325875.00,4466291.00,2015
"AG003103",400000.00,20000.00,2015
"AG003104",10540614.00,727029.00,2015
"AG003105",5355828.00,267791.00,2015
"AG003107",47438044.00,2371900.00,2015
"AG003108",700000.00,35000.00,2015
"AG003109",4981452.00,249072.00,2015
"AG003110",81627337.00,4081365.00,2015
"AG003111",11823364.00,591167.00,2015
"AG003112",14834244.00,741712.00,2015
"AG003113",826950.00,41347.00,2015
"AG003114",19027935.00,2403680.00,2015
"AG003116",4924880.00,1246243.00,2015
"AG003117",1028434.00,51421.00,2015
"AG003118",14889200.00,744458.00,2015
"AG003119",406362.00,520318.00,2015
"AG003121",17635557.00,881777.00,2015
"AG003124",1033036.00,51651.00,2015
"AG003127",3188634.00,159431.00,2015
"AG003128",856869.00,42842.00,2015
"AG003135",10532091.00,1526602.00,2015
"AG003136",15351410.00,767569.00,2015
"AG003138",1048870.00,52443.00,2015
"AG003139",5401961.00,770096.00,2015
"AG003140",2048682.00,102434.00,2015
"AG003143",28168677.00,1408433.00,2015
"AG003146",90304194.00,4515209.00,2015
"AG003147",700000.00,35000.00,2015
"AG003150",956973.00,47848.00,2015
"AG003156",15796547.00,789826.00,2015
"AG003158",14669467.00,733473.00,2015
"AG003160",9007204.00,450359.00,2015
"AG003161",4296248.00,214812.00,2015
"AG003162",1474283.00,73714.00,2015
"AG003164",35388962.00,1769447.00,2015
"AG003165",965313.00,48265.00,2015
"AG003166",7019360.00,350968.00,2015
"AG003167",1438844.00,71942.00,2015
"AG003171",590623.00,529531.00,2015
"AG003173",943882.00,47194.00,2015
"AG003177",9639015.00,481950.00,2015
"AG003178",9680431.00,484021.00,2015
"AG003185",15256356.00,762817.00,2015
"AG003186",3592852.00,179642.00,2015
"AG003187",8598500.00,429925.00,2015
"AG003189",5364000.00,268200.00,2015
"AG003190",300000.00,15000.00,2015
"AG003192",3479001.00,173950.00,2015
"AG003195",4287420.00,214371.00,2015
"AG003200",1241315.00,562065.00,2015
"AG003202",3825310.00,191265.00,2015
"AG003204",330465.00,516523.00,2015
"AG003205",5702294.00,285114.00,2015
"AG003207",6787226.00,339361.00,2015
"AG003208",91445903.00,4572293.00,2015
"AG003210",23341385.00,1167068.00,2015
"AG003211",36866580.00,1843327.00,2015
"AG003213",2331120.00,116556.00,2015
"AG003217",51047929.00,2552396.00,2015
"AG003218",25476710.00,1773835.00,2015
"AG003219",7399904.00,369994.00,2015
"AG003220",886300.00,44315.00,2015
"AG003221",300000.00,15000.00,2015
"AG003223",1426120.00,71306.00,2015
"AG003226",4035666.00,310660.00,2015
"AG003227",26551314.00,2327564.00,2015
"AG003230",18629680.00,931484.00,2015
"AG003232",16219170.00,810958.00,2015
"AG003233",300000.00,15000.00,2015
"AG003237",42019109.00,2100954.00,2015
"AG003240",127984708.00,6399231.00,2015
"AG003247",24711194.00,1235559.00,2015
"AG003249",751326.00,37566.00,2015
"AG003250",2048855.00,102442.00,2015
"AG003251",2819036.00,140951.00,2015
"AG003254",2951490.00,147574.00,2015
"AG003255",300000.00,15000.00,2015
"AG003259",5267109.00,263355.00,2015
"AG003260",864584.00,43229.00,2015
"AG003262",13526531.00,676325.00,2015
"AG003264",2899120.00,144956.00,2015
"AG003265",4386244.00,219312.00,2015
"AG003268",30460403.00,1523020.00,2015
"AG003269",2926480.00,146324.00,2015
"AG003270",2444888.00,122244.00,2015
"AG003271",32497143.00,1624857.00,2015
"AG003272",300000.00,15000.00,2015
"AG003273",141416730.00,7570836.00,2015
"AG003275",15149610.00,757480.00,2015
"AG003277",631296.00,31564.00,2015
"AG003280",6680099.00,334004.00,2015
"AG003287",10376199.00,546626.00,2015
"AG003288",370887.00,18544.00,2015
"AG003294",12935476.00,646773.00,2015
"AG003296",940548.00,47027.00,2015
"AG003299",39056870.00,2133759.00,2015
"AG003301",33635855.00,3575126.00,2015
"AG003309",11843420.00,1592170.00,2015
"AG003319",1707880.00,259740.00,2015
"AG003322",122821747.00,6141087.00,2015
"AG003323",19384040.00,969201.00,2015
"AG003324",12081069.00,703977.00,2015
"AG003328",3157000.00,157850.00,2015
"AG003329",578002.00,28900.00,2015
"AG003330",157929791.00,7896484.00,2015
"AG003331",34808097.00,3190895.00,2015
"AG003332",20102379.00,2005118.00,2015
"AG003333",700000.00,35000.00,2015
"AG003335",24213752.00,1210685.00,2015
"AG003337",700000.00,35000.00,2015
"AG003339",34443855.00,2503129.00,2015
"AG003340",22487184.00,1124358.00,2015
"AG003341",646818.00,32340.00,2015
"AG003342",5835202.00,291760.00,2015
"AG003343",83498585.00,4174925.00,2015
"AG003345",5695758.00,284787.00,2015
"AG003348",22971632.00,1648580.00,2015
"AG003349",1237431.00,61871.00,2015
"AG003350",30811711.00,1540585.00,2015
"AG003354",1035700.00,51785.00,2015
"AG003355",9131317.00,456565.00,2015
"AG003357",5389717.00,269485.00,2015
"AG003362",8085344.00,404266.00,2015
"AG003363",175017988.00,8750894.00,2015
"AG003367",5895898.00,294794.00,2015
"AG003371",2453880.00,122694.00,2015
"AG003378",11906859.00,595341.00,2015
"AG003379",56484335.00,3019376.00,2015
"AG003380",84788012.00,6104866.00,2015
"AG003383",20389894.00,1019493.00,2015
"AG003384",39409899.00,1970494.00,2015
"AG003386",93121996.00,5211362.00,2015
"AG003393",3841904.00,192095.00,2015
"AG003399",2682000.00,134100.00,2015
"AG003403",8816420.00,440821.00,2015
"AG003404",8490706.00,424535.00,2015
"AG003405",15200974.00,1260048.00,2015
"AG003406",12118713.00,605935.00,2015
"AG003407",1929084.00,96454.00,2015
"AG003408",11477995.00,573899.00,2015
"AG003411",26664254.00,1333211.00,2015
"AG003414",34106030.00,1705299.00,2015
"AG003415",36709959.00,2335497.00,2015
"AG003416",4477816.00,223890.00,2015
"AG003417",82624533.00,4131226.00,2015
"AG003418",1022675.00,51133.00,2015
"AG003422",1013350.00,50667.00,2015
"AG003424",18757515.00,937875.00,2015
"AG003425",953572.00,47678.00,2015
"AG003427",2536322.00,126816.00,2015
"AG003430",11976771.00,598837.00,2015
"AG003432",60971528.00,3048575.00,2015
"AG003433",49580767.00,2479036.00,2015
"AG003435",3638272.00,181913.00,2015
"AG003438",14867487.00,743373.00,2015
"AG003439",936505.00,46825.00,2015
"AG003444",3390340.00,169516.00,2015
"AG003445",836609.00,41830.00,2015
"AG003452",15032391.00,751619.00,2015
"AG003454",2310990.00,115549.00,2015
"AG003455",73455653.00,3672782.00,2015
"AG003461",10360257.00,518012.00,2015
"AG003465",4471832.00,223591.00,2015
"AG003467",33435911.00,1671795.00,2015
"AG003468",1909308.00,95465.00,2015
"AG003470",22759755.00,1234032.00,2015
"AG003471",8520674.00,426033.00,2015
"AG003475",10535312.00,526765.00,2015
"AG003477",964615.00,48230.00,2015
"AG003478",3612952.00,180647.00,2015
"AG003481",10684126.00,534205.00,2015
"AG003482",8471487.00,923573.00,2015
"AG003485",6651707.00,1332585.00,2015
"AG003486",30782221.00,1539111.00,2015
"AG003487",4719926.00,235995.00,2015
"AG003488",4942872.00,247143.00,2015
"AG003490",1031248.00,51562.00,2015
"AG003491",27452696.00,1372632.00,2015
"AG003492",1953972.00,1097697.00,2015
"AG003493",13675496.00,683773.00,2015
"AG003494",935488.00,46774.00,2015
"AG003495",932155.00,46607.00,2015
"AG003496",2027513.00,101375.00,2015
"AG003500",32133572.00,1606677.00,2015
"AG003501",460208588.00,23010428.00,2015
"AG003502",2801724.00,280172.00,2015
"AG003503",32640937.00,1632046.00,2015
"AG003508",3064420.00,153221.00,2015
"AG003511",2406460.00,120323.00,2015
"AG003512",5349828.00,267490.00,2015
"AG003514",5317600.00,265880.00,2015
"AG003519",39260247.00,1999861.00,2015
"AG003520",9810614.00,490530.00,2015
"AG003521",17598495.00,879923.00,2015
"AG003524",13688587.00,684429.00,2015
"AG003529",6471810.00,323590.00,2015
"AG003534",12930611.00,646530.00,2015
"AG003536",942160.00,47108.00,2015
"AG003538",8631828.00,431591.00,2015
"AG003539",5216984.00,260848.00,2015
"AG003540",10289020.00,514451.00,2015
"AG003541",28018052.00,1400901.00,2015
"AG003544",10086245.00,504312.00,2015
"AG003545",1065427.00,53271.00,2015
"AG003557",15264671.00,763233.00,2015
"AG003558",20443054.00,1022152.00,2015
"AG003559",14162089.00,708103.00,2015
"AG003564",932683.00,46634.00,2015
"AG003565",10092770.00,504638.00,2015
"AG003569",2047838.00,102391.00,2015
"AG003574",23842002.00,1718939.00,2015
"AG003575",12901934.00,645096.00,2015
"AG003577",5497000.00,274850.00,2015
"AG003578",24983817.00,1249189.00,2015
"AG003584",16236180.00,811809.00,2015
"AG003586",936511.00,46825.00,2015
"AG003587",4317098.00,715854.00,2015
"AG003589",2033036.00,101651.00,2015
"AG003590",3036322.00,151816.00,2015
"AG003592",10280270.00,514012.00,2015
"AG003593",32339995.00,1616999.00,2015
"AG003595",8320629.00,416031.00,2015
"AG003596",3560180.00,178009.00,2015
"AG003597",10951565.00,547576.00,2015
"AG003599",2409330.00,120466.00,2015
"AG003600",28077542.00,1403876.00,2015
"AG003603",2331940.00,116597.00,2015
"AG003607",25336385.00,1266818.00,2015
"AG003610",441203.00,22060.00,2015
"AG003611",384603816.00,19230187.00,2015
"AG003616",6567959.00,328397.00,2015
"AG003620",6641711.00,332084.00,2015
"AG003621",1123642.00,56182.00,2015
"AG003625",1049491.00,52474.00,2015
"AG003627",9043798.00,452189.00,2015
"AG003630",886309.00,44315.00,2015
"AG003632",6799361.00,339967.00,2015
"AG003638",8361446.00,418072.00,2015
"AG003641",4500608.00,225030.00,2015
"AG003642",59471064.00,2973552.00,2015
"AG003644",2855520.00,142776.00,2015
"AG003650",14579719.00,728985.00,2015
"AG003652",3194650.00,159732.00,2015
"AG003656",2097810.00,104890.00,2015
"AG003659",11139282.00,556963.00,2015
"AG003662",12431930.00,653688.00,2015
"AG003667",10393537.00,519676.00,2015
"AG003668",3245950.00,162297.00,2015
"AG003671",3882620.00,194131.00,2015
"AG003672",15977066.00,798853.00,2015
"AG003677",53341325.00,2667065.00,2015
"AG003678",55362146.00,2768105.00,2015
"AG003679",922169.00,46108.00,2015
"AG003680",50266472.00,2513320.00,2015
"AG003681",1091158.00,54557.00,2015
"AG003690",62669010.00,3260689.00,2015
"AG003694",41069224.00,2053460.00,2015
"AG003695",16115536.00,805776.00,2015
"AG003696",3806554.00,190327.00,2015
"AG003697",3275180.00,163759.00,2015
"AG003698",1107316.00,55365.00,2015
"AG003700",20977488.00,1048873.00,2015
"AG003701",900385.00,45019.00,2015
"AG003704",72723809.00,3636189.00,2015
"AG003705",2036322.00,101816.00,2015
"AG003712",3467752.00,306261.00,2015
"AG003714",485550.00,24277.00,2015
"AG003715",4505835.00,225291.00,2015
"AG003716",1996550.00,99827.00,2015
"AG003718",22517379.00,2125867.00,2015
"AG003720",28442723.00,2422135.00,2015
"AG003722",56591958.00,2829597.00,2015
"AG003729",4944000.00,247200.00,2015
"AG003730",4977020.00,248850.00,2015
"AG003737",501930.00,25096.00,2015
"AG003746",2930980.00,146549.00,2015
"AG003749",14618139.00,730906.00,2015
"AG003750",3665710.00,183285.00,2015
"AG003751",3208760.00,160438.00,2015
"AG003752",7322559.00,366126.00,2015
"AG003753",35190039.00,3966167.00,2015
"AG003754",17194654.00,1618608.00,2015
"AG003757",30036671.00,1501833.00,2015
"AG003758",949090.00,47454.00,2015
"AG003759",96663137.00,4833156.00,2015
"AG003760",7994935.00,1399745.00,2015
"AG003761",187169298.00,10432810.00,2015
"AG003762",923590.00,46179.00,2015
"AG003763",22715386.00,2135768.00,2015
"AG003764",83160957.00,4158046.00,2015
"AG003765",949444.00,47472.00,2015
"AG003767",7488614.00,374429.00,2015
"AG003768",5021968.00,349117.00,2015
"AG003771",12852988.00,642648.00,2015
"AG003773",939844.00,46992.00,2015
"AG003774",7637069.00,381852.00,2015
"AG003776",13180788.00,659039.00,2015
"AG003777",13349951.00,667497.00,2015
"AG003780",14496678.00,724833.00,2015
"AG003782",83535046.00,4176751.00,2015
"AG003791",1112760.00,55638.00,2015
"AG003795",11018563.00,550927.00,2015
"AG003808",27629903.00,1381494.00,2015
"AG003820",6165980.00,308299.00,2015
"AG003824",16451356.00,822567.00,2015
"AG003825",8386748.00,419336.00,2015
"AG003833",47026286.00,2351312.00,2015
"AG003834",5351965.00,267597.00,2015
"AG003835",4791281.00,239563.00,2015
"AG003836",9987798.00,499389.00,2015
"AG003839",3023860.00,151193.00,2015
"AG003842",17784585.00,889228.00,2015
"AG003848",3597977.00,179898.00,2015
"AG003849",4758639.00,237931.00,2015
"AG003851",54327090.00,5196354.00,2015
"AG003852",4984903.00,249244.00,2015
"AG003855",6550638.00,327531.00,2015
"AG003856",15147051.00,757352.00,2015
"AG003859",3197800.00,159890.00,2015
"AG003860",37409369.00,1870465.00,2015
"AG003861",2265600.00,113280.00,2015
"AG003866",3161648.00,1189018.00,2015
"AG003867",9955933.00,497796.00,2015
"AG003868",4518767.00,725937.00,2015
"AG003869",3911573.00,195578.00,2015
"AG003875",11581938.00,579095.00,2015
"AG003886",2695760.00,134788.00,2015
"AG003888",4683533.00,234176.00,2015
"AG003889",2480610.00,124030.00,2015
"AG003890",6161149.00,808056.00,2015
"AG003892",3516160.00,175808.00,2015
"AG003899",10388282.00,519413.00,2015
"AG003900",9818626.00,490930.00,2015
"AG003908",13718455.00,685922.00,2015
"AG003909",50724260.00,2536211.00,2015
"AG003910",6745754.00,337287.00,2015
"AG003912",12145227.00,607260.00,2015
"AG003914",14978519.00,748925.00,2015
"AG003915",8788259.00,439412.00,2015
"AG003916",2696830.00,134841.00,2015
"AG003922",7077029.00,438774.00,2015
"AG003925",13719327.00,1300170.00,2015
"AG003926",352242.00,35224.00,2015
"AG003929",41001241.00,2050060.00,2015
"AG003930",10462379.00,657225.00,2015
"AG003933",13464135.00,673206.00,2015
"AG003934",71471531.00,3573574.00,2015
"AG003947",7704421.00,385220.00,2015
"AG003951",7704075.00,385203.00,2015
"AG003956",14083448.00,704170.00,2015
"AG003957",4400790.00,220039.00,2015
"AG003959",3172540.00,158627.00,2015
"AG003961",2503710.00,125185.00,2015
"AG003965",2956600.00,147830.00,2015
"AG003967",2273510.00,113675.00,2015
"AG003968",2342340.00,117117.00,2015
"AG003969",9649375.00,482468.00,2015
"AG003971",4579147.00,228956.00,2015
"AG003972",4555330.00,227766.00,2015
"AG003973",3590450.00,179522.00,2015
"AG003977",10631430.00,531571.00,2015
"AG003980",39078204.00,1953908.00,2015
"AG003981",4323620.00,216181.00,2015
"AG003984",1152000.00,57600.00,2015
"AG003985",33344245.00,1667211.00,2015
"AG003986",23692966.00,1184648.00,2015
"AG003989",14666276.00,733313.00,2015
"AG003990",41484235.00,2074211.00,2015
"AG003991",14430550.00,721527.00,2015
"AG003993",13564512.00,678225.00,2015
"AG003995",5063142.00,253157.00,2015
"AG003996",6703475.00,1335173.00,2015
"AG003998",7676075.00,383802.00,2015
"AG004001",8002221.00,400109.00,2015
"AG004003",16691486.00,834574.00,2015
"AG004006",8976975.00,448848.00,2015
"AG004015",2786850.00,139342.00,2015
"AG004021",10470760.00,523538.00,2015
"AG004023",100000.00,5000.00,2015
"AG004024",4644848.00,232242.00,2015
"AG004025",13450014.00,672500.00,2015
"AG004030",10489320.00,524466.00,2015
"AG004031",10073728.00,503684.00,2015
"AG004032",7214790.00,360739.00,2015
"AG004037",4101850.00,205092.00,2015
"AG004054",3430800.00,171540.00,2015
"AG004055",8367260.00,418363.00,2015
"AG004060",3048280.00,152414.00,2015
"AG004063",20844974.00,1123497.00,2015
"AG004067",2968900.00,298457.00,2015
"AG004069",23409412.00,1170469.00,2015
"AG004071",3640180.00,182009.00,2015
"AG004073",11640479.00,582022.00,2015
"AG004078",17638942.00,881947.00,2015
"AG004079",8994241.00,449711.00,2015
"AG004081",2662450.00,133122.00,2015
"AG004082",5354414.00,267720.00,2015
"AG004083",3047250.00,152362.00,2015
"AG004084",2924200.00,146210.00,2015
"AG004085",3367440.00,168372.00,2015
"AG004086",12635432.00,631770.00,2015
"AG004087",3063820.00,461444.00,2015
"AG004089",11610450.00,682046.00,2015
"AG004093",3356770.00,167838.00,2015
"AG004094",43901475.00,2195073.00,2015
"AG004096",12863384.00,643168.00,2015
"AG004099",2377320.00,118866.00,2015
"AG004100",8835468.00,441772.00,2015
"AG004101",4628803.00,231440.00,2015
"AG004108",5449483.00,272474.00,2015
"AG004109",2180640.00,109032.00,2015
"AG004111",6158649.00,307932.00,2015
"AG004116",12370529.00,618525.00,2015
"AG004119",6853252.00,350000.00,2015
"AG004128",23346639.00,1167330.00,2015
"AG004131",11896330.00,594816.00,2015
"AG004133",7701675.00,493958.00,2015
"AG004134",5056480.00,252824.00,2015
"AG004143",6035820.00,301791.00,2015
"AG004150",24275103.00,1213752.00,2015
"AG004152",5616798.00,280838.00,2015
"AG004153",2642010.00,132100.00,2015
"AG004158",11893403.00,594669.00,2015
"AG004161",4388473.00,229346.00,2015
"AG004164",7506979.00,375348.00,2015
"AG004169",4212900.00,210645.00,2015
"AG004173",36255115.00,1899569.00,2015
"AG004176",416730.00,520836.00,2015
"AG004177",12606890.00,668035.00,2015
"AG004179",3078200.00,153910.00,2015
"AG004183",6557645.00,327881.00,2015
"AG004186",7905180.00,395259.00,2015
"AG004190",2358000.00,117900.00,2015
"AG004191",7580267.00,379012.00,2015
"AG004195",11246570.00,562328.00,2015
"AG004196",7595800.00,379790.00,2015
"AG004197",16792428.00,839620.00,2015
"AG004198",4790212.00,739509.00,2015
"AG004199",53374324.00,5455531.00,2015
"AG004201",8389962.00,1200434.00,2015
"AG004202",2894375.00,644718.00,2015
"AG004203",3770328.00,188515.00,2015
"AG004204",30667538.00,2920192.00,2015
"AG004205",12854806.00,2029557.00,2015
"AG004206",28638553.00,2431927.00,2015
"AG004207",2165100.00,108255.00,2015
"AG004208",19437849.00,971891.00,2015
"AG004209",3474524.00,1173725.00,2015
"AG004210",7201708.00,1360085.00,2015
"AG004212",15615637.00,780781.00,2015
"AG004213",8196522.00,409825.00,2015
"AG004219",10569723.00,528486.00,2015
"AG004223",8195711.00,409785.00,2015
"AG004224",9100310.00,455015.00,2015
"AG004225",10135850.00,506792.00,2015
"AG004226",17022165.00,851108.00,2015
"AG004228",6024852.00,388058.00,2015
"AG004229",9973644.00,2092074.00,2015
"AG004230",7241260.00,362063.00,2015
"AG004231",9991900.00,499595.00,2015
"AG004232",10409289.00,607280.00,2015
"AG004233",2886100.00,144305.00,2015
"AG004234",3359636.00,276858.00,2015
"AG004235",9146896.00,957344.00,2015
"AG004236",22140003.00,1107000.00,2015
"AG004237",92450216.00,4622510.00,2015
"AG004243",34000153.00,1700006.00,2015
"AG004247",1621340.00,81067.00,2015
"AG004248",7189258.00,359462.00,2015
"AG004251",27029609.00,1351480.00,2015
"AG004255",7770707.00,388534.00,2015
"AG004256",25997302.00,1299864.00,2015
"AG004260",13493193.00,674658.00,2015
"AG004263",9022759.00,451137.00,2015
"AG004265",6572904.00,643913.00,2015
"AG004266",13367401.00,668368.00,2015
"AG004268",8526594.00,426329.00,2015
"AG004278",17620681.00,1881033.00,2015
"AG004280",2331120.00,116556.00,2015
"AG004282",26938155.00,1346906.00,2015
"AG004289",2232600.00,111630.00,2015
"AG004292",8382339.00,419116.00,2015
"AG004293",9049296.00,1927771.00,2015
"AG004294",3921585.00,196078.00,2015
"AG004295",12866757.00,643336.00,2015
"AG004297",2322540.00,116127.00,2015
"AG004302",46294430.00,2314720.00,2015
"AG004313",23043834.00,1152190.00,2015
"AG004315",8929523.00,446475.00,2015
"AG004320",10325344.00,516267.00,2015
"AG004322",4215328.00,210766.00,2015
"AG004323",15081933.00,754096.00,2015
"AG004328",3916320.00,195815.00,2015
"AG004334",7605590.00,380279.00,2015
"AG004335",7263241.00,363161.00,2015
"AG004337",2328150.00,116407.00,2015
"AG004338",5688372.00,284417.00,2015
"AG004348",14902686.00,745133.00,2015
"AG004351",10783530.00,539176.00,2015
"AG004352",3416860.00,170843.00,2015
"AG004358",11540113.00,577004.00,2015
"AG004359",2361810.00,120136.00,2015
"AG004361",3005550.00,150277.00,2015
"AG004364",19889770.00,994486.00,2015
"AG004366",8527265.00,426362.00,2015
"AG004367",54223377.00,2711167.00,2015
"AG004368",46301913.00,2315094.00,2015
"AG004370",6054470.00,408308.00,2015
"AG004371",17626872.00,881343.00,2015
"AG004379",9729144.00,486457.00,2015
"AG004380",9043485.00,452173.00,2015
"AG004385",7047050.00,352352.00,2015
"AG004389",5133671.00,1256683.00,2015
"AG004391",3483465.00,174173.00,2015
"AG004394",2997500.00,149875.00,2015
"AG004396",17214808.00,860740.00,2015
"AG004397",2331120.00,116556.00,2015
"AG004398",7333943.00,366696.00,2015
"AG004401",52869060.00,2643452.00,2015
"AG004405",2770000.00,138500.00,2015
"AG004406",7717280.00,385864.00,2015
"AG004408",65869310.00,3293462.00,2015
"AG004419",2179080.00,108954.00,2015
"AG004425",7578476.00,378922.00,2015
"AG004426",5447714.00,272385.00,2015
"AG004427",69968749.00,3498436.00,2015
"AG004434",16277470.00,813873.00,2015
"AG004437",3244706.00,162235.00,2015
"AG004438",20942820.00,1047139.00,2015
"AG004441",69462436.00,3473121.00,2015
"AG004444",12588991.00,1129446.00,2015
"AG004446",14196832.00,709840.00,2015
"AG004453",2408040.00,120402.00,2015
"AG004455",10389712.00,519485.00,2015
"AG004459",14114219.00,705710.00,2015
"AG004465",11497395.00,1074869.00,2015
"AG004467",4350640.00,325977.00,2015
"AG004471",3860800.00,193040.00,2015
"AG004472",4657426.00,232871.00,2015
"AG004473",7049716.00,352485.00,2015
"AG004474",5668250.00,283412.00,2015
"AG004479",61573542.00,3078676.00,2015
"AG004480",2948800.00,147440.00,2015
"AG004481",5975667.00,298782.00,2015
"AG004485",3330430.00,321738.00,2015
"AG004488",2518050.00,125902.00,2015
"AG004491",3471725.00,673586.00,2015
"AG004494",5263400.00,263170.00,2015
"AG004495",2301830.00,115091.00,2015
"AG004503",746460.00,37323.00,2015
"AG004511",28471008.00,1423549.00,2015
"AG004512",5739864.00,1067930.00,2015
"AG004513",4039875.00,701993.00,2015
"AG004514",18743526.00,2973992.00,2015
"AG004515",49053559.00,3952676.00,2015
"AG004517",31328718.00,1602371.00,2015
"AG004518",3612877.00,180643.00,2015
"AG004521",3606904.00,257127.00,2015
"AG004523",10428894.00,521444.00,2015
"AG004524",31075896.00,1553793.00,2015
"AG004526",4518000.00,225900.00,2015
"AG004529",7375975.00,368798.00,2015
"AG004531",5225604.00,424230.00,2015
"AG004533",17401777.00,870088.00,2015
"AG004534",36293508.00,1887293.00,2015
"AG004537",10758704.00,690220.00,2015
"AG004538",41184813.00,2059240.00,2015
"AG004549",63690267.00,3184513.00,2015
"AG004553",1454800.00,72740.00,2015
"AG004555",19121062.00,956053.00,2015
"AG004564",27986218.00,1399308.00,2015
"AG004565",23283967.00,1164198.00,2015
"AG004566",19085590.00,954278.00,2015
"AG004567",21032137.00,1051606.00,2015
"AG004568",14392597.00,719629.00,2015
"AG004569",3346150.00,167307.00,2015
"AG004571",2661810.00,133090.00,2015
"AG004572",22636786.00,1131838.00,2015
"AG004574",13187901.00,659394.00,2015
"AG004575",2660680.00,133034.00,2015
"AG004576",5060691.00,253034.00,2015
"AG004579",2660680.00,133034.00,2015
"AG004580",2397978.00,119898.00,2015
"AG004590",4527462.00,726372.00,2015
"AG004594",4758532.00,1737925.00,2015
"AG004595",16365580.00,818279.00,2015
"AG004596",6603670.00,330183.00,2015
"AG004597",31261137.00,1563056.00,2015
"AG004602",7000690.00,350034.00,2015
"AG004608",11582499.00,579124.00,2015
"AG004615",22595175.00,1129758.00,2015
"AG004620",12765368.00,638267.00,2015
"AG004621",3479370.00,278890.00,2015
"AG004622",10771762.00,538588.00,2015
"AG004623",18666985.00,933348.00,2015
"AG004625",3245202.00,162260.00,2015
"AG004630",10440714.00,522035.00,2015
"AG004631",17693702.00,884685.00,2015
"AG004636",8257707.00,412884.00,2015
"AG004637",7545120.00,377256.00,2015
"AG004641",37717916.00,1885893.00,2015
"AG004642",3368710.00,168435.00,2015
"AG004653",11702813.00,901400.00,2015
"AG004656",2467080.00,123354.00,2015
"AG004658",3391200.00,169560.00,2015
"AG004662",9508860.00,475443.00,2015
"AG004663",3762136.00,188106.00,2015
"AG004667",4716100.00,235805.00,2015
"AG004674",9265839.00,463291.00,2015
"AG004676",3575829.00,178790.00,2015
"AG004680",2866620.00,143331.00,2015
"AG004682",3971510.00,198575.00,2015
"AG004683",502951.00,25147.00,2015
"AG004685",3353010.00,167650.00,2015
"AG004688",7513180.00,375659.00,2015
"AG004691",2829768.00,141488.00,2015
"AG004697",6222136.00,311106.00,2015
"AG004698",16424340.00,843960.00,2015
"AG004699",25229803.00,1377433.00,2015
"AG004700",2986563.00,149327.00,2015
"AG004707",2849712.00,142485.00,2015
"AG004715",20730022.00,1036500.00,2015
"AG004719",19271078.00,1079300.00,2015
"AG004727",23868479.00,1193423.00,2015
"AG004729",1829100.00,91455.00,2015
"AG004736",39329000.00,1966449.00,2015
"AG004740",27789581.00,1462599.00,2015
"AG004745",16416968.00,820847.00,2015
"AG004746",3168000.00,158400.00,2015
"AG004750",4838200.00,241910.00,2015
"AG004752",1902090.00,195325.00,2015
"AG004753",4405695.00,220284.00,2015
"AG004758",15286436.00,764321.00,2015
"AG004759",3469360.00,173468.00,2015
"AG004761",7825280.00,391264.00,2015
"AG004768",7210210.00,360510.00,2015
"AG004773",7379790.00,368989.00,2015
"AG004781",26384276.00,1319213.00,2015
"AG004783",18848065.00,942403.00,2015
"AG004784",12193959.00,609697.00,2015
"AG004785",15600198.00,780009.00,2015
"AG004786",11082894.00,554144.00,2015
"AG004787",8699654.00,434982.00,2015
"AG004788",13447107.00,672354.00,2015
"AG004793",14736614.00,736830.00,2015
"AG004794",95207290.00,4760364.00,2015
"AG004797",10180721.00,509035.00,2015
"AG004801",12553975.00,627698.00,2015
"AG004810",4916590.00,245829.00,2015
"AG004811",3611260.00,180563.00,2015
"AG004817",34840182.00,1742007.00,2015
"AG004819",4691911.00,234595.00,2015
"AG004823",7128367.00,356417.00,2015
"AG004825",3716800.00,185840.00,2015
"AG004827",2240700.00,112035.00,2015
"AG004836",5189371.00,759468.00,2015
"AG004839",9621115.00,481055.00,2015
"AG004840",7545101.00,377254.00,2015
"AG004841",4274110.00,213705.00,2015
"AG004842",28384428.00,1540922.00,2015
"AG004849",21200917.00,1060044.00,2015
"AG004852",4337172.00,216858.00,2015
"AG004860",2876640.00,143832.00,2015
"AG004861",21819484.00,1090974.00,2015
"AG004864",8465494.00,423274.00,2015
"AG004867",34510828.00,1725540.00,2015
"AG004878",19551488.00,977574.00,2015
"AG004885",21798249.00,115721.00,2015
"AG004887",998177.00,549908.00,2015
"AG004890",50102474.00,2505122.00,2015
"AG004896",2679600.00,133980.00,2015
"AG004901",2650560.00,132528.00,2015
"AG004906",5719170.00,285958.00,2015
"AG004916",2909400.00,145470.00,2015
"AG004919",7285293.00,364264.00,2015
"AG004923",1458000.00,72900.00,2015
"AG004927",16655741.00,832786.00,2015
"AG004931",24233457.00,1711672.00,2015
"AG004932",4925600.00,379732.00,2015
"AG004933",3181300.00,159065.00,2015
"AG004934",659647.00,532982.00,2015
"AG004937",75989595.00,5642887.00,2015
"AG004938",5222400.00,261120.00,2015
"AG004941",28078951.00,1403946.00,2015
"AG004942",164739533.00,9580384.00,2015
"AG004949",13165208.00,658260.00,2015
"AG004956",8491597.00,424579.00,2015
"AG004959",1954600.00,97730.00,2015
"AG004964",19427119.00,971355.00,2015
"AG004970",104748047.00,6737401.00,2015
"AG004971",100038756.00,5001937.00,2015
"AG004977",17071580.00,853578.00,2015
"AG004979",40812666.00,2040632.00,2015
"AG004980",19902541.00,995126.00,2015
"AG004981",20380607.00,1019030.00,2015
"AG004984",1548719.00,577435.00,2015
"AG004990",2453580.00,122679.00,2015
"AG004993",5726556.00,286326.00,2015
"AG004998",13161371.00,658067.00,2015
"AG005001",7649635.00,382481.00,2015
"AG005005",10767002.00,538350.00,2015
"AG005009",1950960.00,97548.00,2015
"AG005013",3728400.00,186420.00,2015
"AG005015",10914805.00,545739.00,2015
"AG005022",1230600.00,61530.00,2015
"AG005023",2083620.00,104181.00,2015
"AG005024",2501400.00,125070.00,2015
"AG005029",3356050.00,167802.00,2015
"AG005030",11247379.00,562367.00,2015
"AG005031",2706800.00,135340.00,2015
"AG005034",15439800.00,771990.00,2015
"AG005035",7070645.00,353531.00,2015
"AG005039",917077.00,545853.00,2015
"AG005040",2748780.00,137439.00,2015
"AG005042",10627877.00,531393.00,2015
"AG005047",27925076.00,1396252.00,2015
"AG005048",20449851.00,1070371.00,2015
"AG005049",11272543.00,563626.00,2015
"AG005050",8675090.00,433754.00,2015
"AG005051",2116710.00,107574.00,2015
"AG005054",16237404.00,811869.00,2015
"AG005059",3380400.00,169020.00,2015
"AG005060",16929481.00,846472.00,2015
"AG005062",4849581.00,242478.00,2015
"AG005065",5127150.00,256357.00,2015
"AG005068",11822410.00,591120.00,2015
"AG005076",8298724.00,414936.00,2015
"AG005097",7341045.00,367051.00,2015
"AG005107",172800.00,8640.00,2015
"AG005108",1152000.00,57600.00,2015
"AG005112",3160575.00,130937.00,2015
"AG005122",14689956.00,734497.00,2015
"AG005127",14393954.00,719697.00,2015
"AG005131",37746505.00,1887323.00,2015
"AG005132",21613894.00,1080693.00,2015
"AG005133",17176638.00,858831.00,2015
"AG005135",44091824.00,2204590.00,2015
"AG005150",9013394.00,450668.00,2015
"AG005156",12614763.00,631880.00,2015
"AG005158",2220940.00,111047.00,2015
"AG005162",2709330.00,135466.00,2015
"AG005172",5712639.00,1022447.00,2015
"AG005174",2626830.00,131341.00,2015
"AG005175",3443100.00,672155.00,2015
"AG005182",2811670.00,140583.00,2015
"AG005184",3409800.00,170490.00,2015
"AG005191",4528933.00,226446.00,2015
"AG005195",2549100.00,127455.00,2015
"AG005199",2754900.00,137745.00,2015
"AG005201",3316200.00,165810.00,2015
"AG005206",20374480.00,1116709.00,2015
"AG005212",23879705.00,1193984.00,2015
"AG005217",6861456.00,343071.00,2015
"AG005220",12882199.00,644109.00,2015
"AG005222",2792850.00,139642.00,2015
"AG005228",4312180.00,215609.00,2015
"AG005230",6687850.00,334392.00,2015
"AG005231",5817160.00,377675.00,2015
"AG005240",10637253.00,531861.00,2015
"AG005241",5985720.00,299286.00,2015
"AG005244",5179705.00,258985.00,2015
"AG005248",10407260.00,665330.00,2015
"AG005254",1867760.00,364714.00,2015
"AG005255",13435293.00,671763.00,2015
"AG005257",2030550.00,101527.00,2015
"AG005261",3546900.00,177345.00,2015
"AG005264",2561880.00,128094.00,2015
"AG005269",63339595.00,3166978.00,2015
"AG005271",5247750.00,370831.00,2015
"AG005279",4993260.00,249663.00,2015
"AG005281",5269600.00,263480.00,2015
"AG005283",2746230.00,137311.00,2015
"AG005286",3560000.00,178000.00,2015
"AG005298",8574239.00,428711.00,2015
"AG005299",98710683.00,4935533.00,2015
"AG005305",13990477.00,699522.00,2015
"AG005316",10869972.00,543498.00,2015
"AG005317",2619090.00,130954.00,2015
"AG005324",2390520.00,119526.00,2015
"AG005329",2150610.00,107530.00,2015
"AG005330",12747246.00,637362.00,2015
"AG005335",4168991.00,208449.00,2015
"AG005336",2090050.00,104502.00,2015
"AG005337",11850078.00,592503.00,2015
"AG005344",7565381.00,378268.00,2015
"AG005348",24255851.00,1212791.00,2015
"AG005349",12842888.00,642144.00,2015
"AG005356",2533600.00,126680.00,2015
"AG005357",5886482.00,294324.00,2015
"AG005358",2732760.00,136638.00,2015
"AG005363",3195050.00,159752.00,2015
"AG005364",5034790.00,251739.00,2015
"AG005368",2642010.00,132100.00,2015
"AG005370",2404400.00,120220.00,2015
"AG005371",2640690.00,132034.00,2015
"AG005372",8818859.00,440941.00,2015
"AG005381",559827.00,527991.00,2015
"AG005384",4812400.00,240620.00,2015
"AG005395",4201960.00,210098.00,2015
"AG005415",4285600.00,214280.00,2015
"AG005418",10576013.00,528799.00,2015
"AG005419",6921268.00,346063.00,2015
"AG005420",3579300.00,178965.00,2015
"AG005425",19407831.00,970389.00,2015
"AG005428",4369070.00,218453.00,2015
"AG005433",4809417.00,240470.00,2015
"AG005438",14388958.00,15000.00,2015
"AG005439",4411485.00,220574.00,2015
"AG005445",3605900.00,180295.00,2015
"AG005450",3104100.00,155205.00,2015
"AG005456",4474550.00,223727.00,2015
"AG005459",19378877.00,968942.00,2015
"AG005461",4994972.00,315216.00,2015
"AG005465",10388900.00,519445.00,2015
"AG005466",13946057.00,697302.00,2015
"AG005468",6083052.00,304152.00,2015
"AG005472",2717790.00,135889.00,2015
"AG005477",3136680.00,156834.00,2015
"AG005479",2305410.00,115270.00,2015
"AG005482",2118000.00,105900.00,2015
"AG005484",309770569.00,15488528.00,2015
"AG005490",11438193.00,571909.00,2015
"AG005495",9689433.00,484470.00,2015
"AG005498",511621.00,525581.00,2015
"AG005499",3495600.00,174780.00,2015
"AG005504",3451540.00,172577.00,2015
"AG005520",2318910.00,115945.00,2015
"AG005522",3687948.00,184397.00,2015
"AG005523",37208803.00,1860438.00,2015
"AG005524",10534343.00,1281664.00,2015
"AG005525",2312360.00,115618.00,2015
"AG005530",22614757.00,1253431.00,2015
"AG005531",39880188.00,1994009.00,2015
"AG005533",2899242.00,18908.00,2015
"AG005538",4190601.00,209529.00,2015
"AG005543",5245018.00,262250.00,2015
"AG005544",6534459.00,326722.00,2015
"AG005546",28774533.00,1438725.00,2015
"AG005550",6071536.00,303576.00,2015
"AG005557",9131727.00,456585.00,2015
"AG005559",27418658.00,1370931.00,2015
"AG005562",7294792.00,364738.00,2015
"AG005566",5867031.00,293351.00,2015
"AG005568",56217355.00,2810867.00,2015
"AG005569",3309240.00,165462.00,2015
"AG005576",10658460.00,532922.00,2015
"AG005586",6130936.00,306546.00,2015
"AG005592",5849115.00,292455.00,2015
"AG005598",12020867.00,601041.00,2015
"AG005602",6445667.00,322282.00,2015
"AG005606",7695542.00,384777.00,2015
"AG005608",2569728.00,128486.00,2015
"AG005610",4212450.00,0.00,2015
"AG005611",2659800.00,132990.00,2015
"AG005612",4132425.00,706620.00,2015
"AG005616",12422416.00,621120.00,2015
"AG005619",9731478.00,486573.00,2015
"AG005623",7240098.00,362004.00,2015
"AG005624",5362500.00,268124.00,2015
"AG005625",6511050.00,325552.00,2015
"AG005629",2776590.00,138829.00,2015
"AG005631",6256302.00,312814.00,2015
"AG005632",2904030.00,350389.00,2015
"AG005633",6694120.00,334706.00,2015
"AG005634",13414879.00,670742.00,2015
"AG005635",2816010.00,259704.00,2015
"AG005637",6598857.00,329942.00,2015
"AG005640",4105890.00,205294.00,2015
"AG005642",8720995.00,436049.00,2015
"AG005643",5977063.00,298852.00,2015
"AG005647",22339580.00,1116979.00,2015
"AG005666",2729730.00,136486.00,2015
"AG005668",5153540.00,257677.00,2015
"AG005669",559317.00,0.00,2015
"AG005672",7042769.00,682459.00,2015
"AG005674",2635740.00,131787.00,2015
"AG005677",2727030.00,136351.00,2015
"AG005679",4417075.00,220853.00,2015
"AG005681",12109030.00,605451.00,2015
"AG005682",6011310.00,300565.00,2015
"AG005684",2542500.00,127125.00,2015
"AG005685",2402730.00,120136.00,2015
"AG005688",167674936.00,8383746.00,2015
"AG005692",8818618.00,440930.00,2015
"AG005693",3963396.00,198169.00,2015
"AG005694",2861880.00,143094.00,2015
"AG005696",16691084.00,834553.00,2015
"AG005697",1818350.00,90917.00,2015
"AG005699",16995008.00,849750.00,2015
"AG005701",9371844.00,468592.00,2015
"AG005702",4516410.00,225820.00,2015
"AG005704",2310020.00,230594.00,2015
"AG005705",3033600.00,151680.00,2015
"AG005708",2705400.00,135270.00,2015
"AG005710",4051891.00,202594.00,2015
"AG005712",17827282.00,891364.00,2015
"AG005717",1756780.00,207289.00,2015
"AG005720",19689488.00,984474.00,2015
"AG005721",25350305.00,1267515.00,2015
"AG005722",8221562.00,411078.00,2015
"AG005725",2191640.00,109582.00,2015
"AG005730",6585494.00,329274.00,2015
"AG005732",4039989.00,201998.00,2015
"AG005733",7751571.00,387577.00,2015
"AG005741",3849150.00,325669.00,2015
"AG005744",2442330.00,122116.00,2015
"AG005746",2756820.00,137841.00,2015
"AG005747",2285170.00,114258.00,2015
"AG005748",7572940.00,378647.00,2015
"AG005760",696604.00,534829.00,2015
"AG005776",2738150.00,136907.00,2015
"AG005777",2408590.00,120429.00,2015
"AG005782",7406484.00,370324.00,2015
"AG005783",42425502.00,2121272.00,2015
"AG005794",2675010.00,133750.00,2015
"AG005798",19859816.00,992990.00,2015
"AG005807",1152000.00,57600.00,2015
"AG005812",2186400.00,109320.00,2015
"AG005815",4131201.00,206559.00,2015
"AG005818",8738840.00,436942.00,2015
"AG005822",7810373.00,390518.00,2015
"AG005826",2685120.00,134256.00,2015
"AG005828",2734835.00,852209.00,2015
"AG005830",11329999.00,566499.00,2015
"AG005831",1089569.00,874878.00,2015
"AG005832",3948843.00,528817.00,2015
"AG005836",3973428.00,530892.00,2015
"AG005841",2436300.00,121815.00,2015
"AG005842",3599010.00,179950.00,2015
"AG005844",3148800.00,157440.00,2015
"AG005846",1980170.00,99008.00,2015
"AG005847",10160854.00,508042.00,2015
"AG005849",2994780.00,149739.00,2015
"AG005858",5627940.00,281397.00,2015
"AG005859",5791101.00,289554.00,2015
"AG005861",7009829.00,350490.00,2015
"AG005871",6634032.00,331701.00,2015
"AG005873",2453250.00,122662.00,2015
"AG005876",16187151.00,809356.00,2015
"AG005879",7602403.00,380119.00,2015
"AG005882",10728176.00,536408.00,2015
"AG005883",14691975.00,734598.00,2015
"AG005884",9359377.00,467968.00,2015
"AG005886",5290986.00,264549.00,2015
"AG005887",7443951.00,372197.00,2015
"AG005888",24300440.00,1215022.00,2015
"AG005889",9804202.00,490210.00,2015
"AG005890",3976244.00,198812.00,2015
"AG005891",3011460.00,150573.00,2015
"AG005895",6992129.00,349605.00,2015
"AG005907",3920763.00,196037.00,2015
"AG005911",2998410.00,149920.00,2015
"AG005915",3279185.00,163958.00,2015
"AG005919",2600700.00,130035.00,2015
"AG005921",14763860.00,738193.00,2015
"AG005925",14766664.00,738333.00,2015
"AG005936",7110276.00,355513.00,2015
"AG005941",8943488.00,447173.00,2015
"AG005942",30333271.00,1516662.00,2015
"AG005949",3616500.00,180825.00,2015
"AG005953",7999874.00,399993.00,2015
"AG005955",25901742.00,1295085.00,2015
"AG005961",3340950.00,167047.00,2015
"AG005964",18795522.00,15000.00,2015
"AG005966",2763790.00,138189.00,2015
"AG005967",8259302.00,412964.00,2015
"AG005971",7314290.00,365713.00,2015
"AG005972",14924140.00,0.00,2015
"AG005973",8051835.00,0.00,2015
"AG005977",6814918.00,340745.00,2015
"AG005989",4794105.00,239704.00,2015
"AG005991",3299766.00,164988.00,2015
"AG006001",1152000.00,57600.00,2015
"AG006003",2960680.00,148034.00,2015
"AG006006",2343330.00,117166.00,2015
"AG006007",2417790.00,120889.00,2015
"AG006009",511624.00,25581.00,2015
"AG006010",4051913.00,202595.00,2015
"AG006013",14113569.00,705678.00,2015
"AG006017",1906650.00,95332.00,2015
"AG006021",2305350.00,115267.00,2015
"AG006024",54424677.00,2721233.00,2015
"AG006028",4560399.00,228019.00,2015
"AG006034",8372019.00,418600.00,2015
"AG006042",10321817.00,516090.00,2015
"AG006044",9361218.00,468060.00,2015
"AG006046",43065700.00,2153285.00,2015
"AG006047",4866350.00,243317.00,2015
"AG006059",7609557.00,380477.00,2015
"AG006063",19352768.00,967637.00,2015
"AG006067",7432870.00,371642.00,2015
"AG006069",9098604.00,454930.00,2015
"AG006075",3170120.00,158506.00,2015
"AG006089",8988296.00,449414.00,2015
"AG006092",662640.00,33132.00,2015
"AG006097",10454726.00,522735.00,2015
"AG006103",10659989.00,532998.00,2015
"AG006109",3066786.00,153339.00,2015
"AG006113",10982742.00,549137.00,2015
"AG006121",4126762.00,206337.00,2015
"AG006126",2877600.00,143880.00,2015
"AG006130",7579800.00,378990.00,2015
"AG006137",3589374.00,179468.00,2015
"AG006140",3780048.00,189002.00,2015
"AG006149",3269340.00,163467.00,2015
"AG006151",7696588.00,384828.00,2015
"AG006155",8465724.00,423285.00,2015
"AG006167",2002770.00,100138.00,2015
"AG006180",2091500.00,104575.00,2015
"AG006188",12421254.00,629537.00,2015
"AG006194",2286600.00,114330.00,2015
"AG006195",2281980.00,114099.00,2015
"AG006196",2312010.00,115600.00,2015
"AG006197",2312010.00,115600.00,2015
"AG006198",2312010.00,115600.00,2015
"AG006201",5768430.00,288421.00,2015
"AG006210",5116920.00,255846.00,2015
"AG006216",9329090.00,466453.00,2015
"AG006224",882404.00,130937.00,2015
"AG006228",2706740.00,135337.00,2015
"AG006230",3322701.00,166134.00,2015
"AG006232",43736169.00,2186807.00,2015
"AG006233",27361546.00,1368077.00,2015
"AG006237",9454333.00,472716.00,2015
"AG006241",10880526.00,544025.00,2015
"AG006243",3576570.00,178828.00,2015
"AG006245",2291550.00,114577.00,2015
"AG006246",2281980.00,15000.00,2015
"AG006252",2679311.00,133965.00,2015
"AG006253",3139587.00,156978.00,2015
"AG006256",3841200.00,192060.00,2015
"AG006266",4260199.00,213009.00,2015
"AG006268",2893800.00,144690.00,2015
"AG006269",4219484.00,210974.00,2015
"AG006270",5861180.00,293059.00,2015
"AG006276",11190264.00,559512.00,2015
"AG006280",8958728.00,447936.00,2015
"AG006283",18987554.00,949377.00,2015
"AG006287",2933403.00,402551.00,2015
"AG006292",2969340.00,148467.00,2015
"AG006293",3511098.00,276797.00,2015
"AG006296",19099634.00,954981.00,2015
"AG006297",2892221.00,231428.00,2015
"AG006298",21268109.00,1063405.00,2015
"AG006305",2618748.00,130937.00,2015
"AG006309",7889756.00,394487.00,2015
"AG006316",6881702.00,344085.00,2015
"AG006317",41493542.00,2074675.00,2015
"AG006318",10529102.00,526455.00,2015
"AG006321",4180085.00,209003.00,2015
"AG006323",35048237.00,1752411.00,2015
"AG006324",18792852.00,939641.00,2015
"AG006332",5303741.00,265187.00,2015
"AG006341",5649551.00,282477.00,2015
"AG006342",470124.00,0.00,2015
"AG006343",3747576.00,187378.00,2015
"AG006346",60545771.00,3027287.00,2015
"AG006348",2892480.00,144624.00,2015
"AG006356",13552428.00,677620.00,2015
"AG006362",7581808.00,379090.00,2015
"AG006364",4424945.00,221246.00,2015
"AG006365",2385900.00,119295.00,2015
"AG006370",2291550.00,114577.00,2015
"AG006371",2286600.00,114330.00,2015
"AG006374",6306908.00,315344.00,2015
"AG006375",6171054.00,308552.00,2015
"AG006393",3589374.00,179468.00,2015
"AG006401",11206712.00,560335.00,2015
"AG006402",5728710.00,286435.00,2015
"AG006404",16754486.00,837724.00,2015
"AG006413",7968750.00,398437.00,2015
"AG006415",24095306.00,1204764.00,2015
"AG006419",7756168.00,387807.00,2015
"AG006420",3107736.00,155386.00,2015
"AG006429",3368769.00,168437.00,2015
"AG006431",8910256.00,445511.00,2015
"AG006434",2899322.00,144966.00,2015
"AG006441",3162684.00,158134.00,2015
"AG006444",10362494.00,518123.00,2015
"AG006447",10151035.00,507551.00,2015
"AG006452",3884300.00,194215.00,2015
"AG006454",2959470.00,147973.00,2015
"AG006455",1632000.00,81600.00,2015
"AG006460",6210308.00,310515.00,2015
"AG006462",2289900.00,114495.00,2015
"AG006463",2285280.00,114264.00,2015
"AG006464",2291550.00,114577.00,2015
"AG006494",6406800.00,320339.00,2015
"AG006499",2525160.00,204946.00,2015
"AG006508",9702122.00,485105.00,2015
"AG006511",3187350.00,159367.00,2015
"AG006525",2963640.00,148182.00,2015
"AG006545",5935702.00,296785.00,2015
"AG006546",2991240.00,149562.00,2015
"AG006553",9013078.00,450652.00,2015
"AG006556",2687100.00,134355.00,2015
"AG006566",14807303.00,740364.00,2015
"AG006567",4082024.00,204101.00,2015
"AG006568",3018420.00,150921.00,2015
"AG006570",2266500.00,113325.00,2015
"AG006571",5488100.00,274405.00,2015
"AG006577",11178000.00,885300.00,2015
"AG006578",4696517.00,234825.00,2015
"AG006588",2304310.00,115215.00,2015
"AG006592",7000000.00,350000.00,2015
"AG006593",2490300.00,124515.00,2015
"AG006596",2673030.00,133651.00,2015
"AG006597",4325056.00,216252.00,2015
"AG006605",2605800.00,130290.00,2015
"AG006610",5662659.00,283132.00,2015
"AG006615",4437225.00,221860.00,2015
"AG006616",9054196.00,452709.00,2015
"AG006618",5277048.00,263851.00,2015
"AG006621",11762368.00,588117.00,2015
"AG006622",2450700.00,122535.00,2015
"AG006623",3378870.00,168943.00,2015
"AG006624",5015200.00,250760.00,2015
"AG006630",5081250.00,254062.00,2015
"AG006636",868172.00,108877.00,2015
"AG006646",9728070.00,486403.00,2015
"AG006649",4512943.00,225647.00,2015
"AG006661",3467480.00,173374.00,2015
"AG006663",2941980.00,147099.00,2015
"AG006668",3804999.00,190249.00,2015
"AG006676",2514900.00,125745.00,2015
"AG006681",2684220.00,134211.00,2015
"AG006682",5777274.00,288863.00,2015
"AG006687",18746301.00,937314.00,2015
"AG006688",2698440.00,134922.00,2015
"AG006689",4486056.00,224302.00,2015
"AG006691",11597579.00,579878.00,2015
"AG006696",31968155.00,1598406.00,2015
"AG006700",5361200.00,268060.00,2015
"AG006703",3202100.00,160105.00,2015
"AG006704",4509659.00,225482.00,2015
"AG006709",7169249.00,358461.00,2015
"AG006711",9208423.00,460420.00,2015
"AG006715",3363280.00,168164.00,2015
"AG006720",7818358.00,510839.00,2015
"AG006737",9564282.00,478214.00,2015
"AG006747",5056850.00,252842.00,2015
"AG006748",4082771.00,204138.00,2015
"AG006753",5217456.00,260872.00,2015
"AG006775",5371202.00,268559.00,2015
"AG006776",16526191.00,826309.00,2015
"AG006778",16012403.00,800619.00,2015
"AG006781",4682782.00,234139.00,2015
"AG006796",17707349.00,885366.00,2015
"AG006800",2653530.00,132676.00,2015
"AG006804",11547027.00,577350.00,2015
"AG006805",4289914.00,214495.00,2015
"AG006809",3453450.00,172672.00,2015
"AG006810",5222198.00,261109.00,2015
"AG006811",8544335.00,427216.00,2015
"AG006812",5738784.00,286939.00,2015
"AG006813",11092110.00,554605.00,2015
"AG006817",29275880.00,1463794.00,2015
"AG006818",3548100.00,177405.00,2015
"AG006819",4367212.00,218360.00,2015
"AG006827",2034780.00,101738.00,2015
"AG006829",5636630.00,281831.00,2015
"AG006831",2678970.00,133948.00,2015
"AG006834",3375600.00,168780.00,2015
"AG006836",3314100.00,165705.00,2015
"AG006838",6794893.00,339744.00,2015
"AG006845",3566390.00,201533.00,2015
"AG006848",7914424.00,395720.00,2015
"AG006849",8809919.00,440494.00,2015
"AG006850",2929800.00,146490.00,2015
"AG006853",10302079.00,515103.00,2015
"AG006856",10248318.00,512415.00,2015
"AG006857",5951547.00,297576.00,2015
"AG006860",5578166.00,278908.00,2015
"AG006862",6278392.00,313919.00,2015
"AG006871",4359145.00,217957.00,2015
"AG006872",4365138.00,218256.00,2015
"AG006891",7738162.00,386907.00,2015
"AG006896",5962092.00,298104.00,2015
"AG006898",4251970.00,212598.00,2015
"AG006903",11261021.00,563049.00,2015
"AG006908",3643520.00,182176.00,2015
"AG006911",3345235.00,167261.00,2015
"AG006921",3396000.00,169800.00,2015
"AG006929",4265194.00,213259.00,2015
"AG006930",2638050.00,131902.00,2015
"AG006931",10553590.00,527678.00,2015
"AG006935",2335590.00,116779.00,2015
"AG006938",5529183.00,276459.00,2015
"AG006942",25173611.00,1258680.00,2015
"AG006945",20528905.00,1026444.00,2015
"AG006947",2856600.00,142830.00,2015
"AG006949",8425424.00,421270.00,2015
"AG006950",4275450.00,213772.00,2015
"AG006956",14962090.00,748104.00,2015
"AG006958",12376446.00,618821.00,2015
"AG006959",4363728.00,218186.00,2015
"AG006970",10972239.00,548610.00,2015
"AG006971",16060776.00,803038.00,2015
"AG006974",2635920.00,131796.00,2015
"AG006975",2344650.00,117232.00,2015
"AG006981",10080847.00,504042.00,2015
"AG006991",4382379.00,219118.00,2015
"AG006997",2725140.00,136257.00,2015
"AG007011",10104703.00,505234.00,2015
"AG007019",2670390.00,133519.00,2015
"AG007034",3413480.00,170674.00,2015
"AG007068",3999350.00,199967.00,2015
"AG007069",468855.00,23442.00,2015
"AG007073",3569000.00,178450.00,2015
"AG007076",3390860.00,169543.00,2015
"AG007079",3215600.00,160780.00,2015
"AG007082",27853265.00,1392663.00,2015
"AG007091",3738270.00,186913.00,2015
"AG007093",6155702.00,307785.00,2015
"AG007094",18169932.00,908496.00,2015
"AG007106",2531700.00,126585.00,2015
"AG007117",3329580.00,166479.00,2015
"AG007136",2656830.00,132841.00,2015
"AG007137",7373132.00,368655.00,2015
"AG007138",5573200.00,278659.00,2015
"AG007143",3582560.00,179128.00,2015
"AG007144",3499280.00,174964.00,2015
"AG007171",2049650.00,102482.00,2015
"AG007173",9203275.00,460162.00,2015
"AG007193",8532180.00,426609.00,2015
"AG007200",5138064.00,256903.00,2015
"AG007207",3214050.00,160702.00,2015
"AG007208",3168450.00,158422.00,2015
"AG007215",2312950.00,115647.00,2015
"AG007229",6770443.00,338521.00,2015
"AG007230",2389230.00,119461.00,2015
"AG007239",8676185.00,433808.00,2015
"AG007241",16000228.00,610763.00,2015
"AG007258",25481308.00,1274063.00,2015
"AG007268",1412880.00,70644.00,2015
"AG007275",3956697.00,197834.00,2015
"AG007281",14757836.00,737891.00,2015
"AG007283",11281190.00,564059.00,2015
"AG007290",3660060.00,204705.00,2015
"AG007295",2502600.00,125130.00,2015
"AG007299",18369456.00,918472.00,2015
"AG007309",2422200.00,121110.00,2015
"AG007329",3353160.00,167658.00,2015
"AG007331",7187286.00,359364.00,2015
"AG007340",6408270.00,320413.00,2015
"AG007343",2522300.00,126115.00,2015
"AG007358",77315918.00,3865795.00,2015
"AG007371",2845950.00,142297.00,2015
"AG007384",2757030.00,137851.00,2015
"AG007417",1411740.00,70587.00,2015
"AG007420",7203372.00,360168.00,2015
"AG007450",2863200.00,143160.00,2015
"AG007451",9537301.00,476865.00,2015
"AG007455",2454334.00,0.00,2015
"AG007464",27635242.00,1381762.00,2015
"AG007465",6268295.00,313414.00,2015
"AG007466",2995980.00,149799.00,2015
"AG007467",2917240.00,145862.00,2015
"AG007471",2945830.00,147291.00,2015
"AG007516",10092599.00,504629.00,2015
"AG007517",6560476.00,328023.00,2015
"AG007541",29688445.00,1484422.00,2015
"AG007578",7152516.00,357625.00,2015
"AG007598",12629679.00,631483.00,2015
"AG007618",6529681.00,326484.00,2015
"AG007623",6368514.00,318425.00,2015
"AG007658",5339935.00,266996.00,2015
"AG007659",9843923.00,492196.00,2015
"AG007686",7485453.00,374272.00,2015
"AG007708",8304075.00,415203.00,2015
"AG007788",6147904.00,307395.00,2015
"AG007790",5824884.00,291244.00,2015
"AG007791",6168040.00,308401.00,2015
"AG007817",4020060.00,0.00,2015
"AG007831",6165850.00,308292.00,2015
"AG007881",6010714.00,300535.00,2015
"AG007922",6149014.00,307450.00,2015
"AG007925",4650690.00,232534.00,2015
"AG007931",10627550.00,531377.00,2015
"AG007936",5947895.00,297394.00,2015
"AG007942",10513397.00,525669.00,2015
"AG007953",6531463.00,326573.00,2015
"AG007974",3340260.00,167013.00,2015
"AG007981",29695838.00,0.00,2015
"AG008010",10717552.00,535877.00,2015
"AG008013",12009290.00,600464.00,2015
"AG008039",115500.00,5775.00,2015
"AG008045",9440531.00,472026.00,2015
"AG008099",1998480.00,99924.00,2015
"AG008126",5677938.00,283896.00,2015
"AG008142",5225220.00,261261.00,2015
"AG008144",5264820.00,263241.00,2015
"AG008186",4384380.00,219219.00,2015
"AG008222",3361260.00,168063.00,2015
"AG008282",4773610.00,238680.00,2015
"AG008345",6621450.00,331072.00,2015
"AG008403",5083112.00,0.00,2015
"AG008422",4477427.00,223871.00,2015
"AG008485",837600.00,41880.00,2015
"AG008487",2984220.00,149211.00,2015
"AG008507",6075855.00,0.00,2015
"AG008517",3330360.00,166518.00,2015
"AG008518",2889600.00,144480.00,2015
"AG008549",3575700.00,178785.00,2015
"BI000001",114411440.00,5720570.00,2015
"BI000009",45749840.00,2287492.00,2015
"BI000011",44758050.00,2237902.00,2015
"BI000018",32027230.00,1601361.00,2015
"BI000019",48915430.00,2445771.00,2015
"BI000020",23230000.00,1161500.00,2015
"BI000021",2000000.00,100000.00,2015
"BI000027",45775700.00,2288784.00,2015
"BI000029",46314000.00,2315700.00,2015
"BI000033",13000000.00,650000.00,2015
"BI000034",48842400.00,2442120.00,2015
"BI000038",54477500.00,2723875.00,2015
"BI000042",50763690.00,2538184.00,2015
"BI000045",26000000.00,1300000.00,2015
"BI000048",81471070.00,4073553.00,2015
"BI000049",61979540.00,3098977.00,2015
"BI000051",39369660.00,1968483.00,2015
"BI000052",22077000.00,1103850.00,2015
"BI000055",26415050.00,1320752.00,2015
"BI000057",61253420.00,3062671.00,2015
"BI000058",43037760.00,2151888.00,2015
"BI000067",186836220.00,9341811.00,2015
"BI000068",48914700.00,2445735.00,2015
"BI000073",20000000.00,1000000.00,2015
"BI000079",76643620.00,3832181.00,2015
"BI000085",1615769190.00,80788457.00,2015
"BI000088",64280305.00,3214015.00,2015
"BI000089",169437730.00,8471885.00,2015
"BI000091",46440900.00,2322045.00,2015
"BI000092",161158440.00,8057922.00,2015
"BI000096",29914800.00,1495740.00,2015
"BI000097",29250000.00,1462500.00,2015
"BI000103",28068460.00,1403423.00,2015
"BI000106",7000000.00,350000.00,2015
"BI000108",14000000.00,700000.00,2015
"BI000109",139683080.00,6984154.00,2015
"BI000110",1161000.00,58050.00,2015
"BI000113",54813420.00,2740671.00,2015
"BI000118",25025440.00,1251272.00,2015
"BI000119",2500000.00,125000.00,2015
"BI000121",15614000.00,780700.00,2015
"BI000122",21581280.00,1079064.00,2015
"BI000123",2400000.00,120000.00,2015
"BI000124",36510500.00,1825525.00,2015
"BI000127",19000000.00,950000.00,2015
"BI000129",39744580.00,1987228.00,2015
"BI000130",2500000.00,125000.00,2015
"BI000131",52994560.00,2649728.00,2015
"BI000132",47313080.00,2365654.00,2015
"BI000133",42222000.00,2111100.00,2015
"BI000135",18845000.00,942250.00,2015
"BI000136",280070440.00,14003522.00,2015
"BI000139",15614000.00,780700.00,2015
"BI000143",7000000.00,350000.00,2015
"BI000144",2903000.00,145150.00,2015
"BI000147",2903000.00,145150.00,2015
"BI000148",45000000.00,2250000.00,2015
"BI000151",19140950.00,957047.00,2015
"BI000153",3000000.00,150000.00,2015
"BI000154",18567610.00,928380.00,2015
"BI000156",37199040.00,1859952.00,2015
"BI000157",17230000.00,861500.00,2015
"BI000158",33328530.00,1666426.00,2015
"BI000159",32106510.00,1605325.00,2015
"BI000160",20537040.00,1026852.00,2015
"BI000161",156729640.00,7836482.00,2015
"BI000162",53623720.00,2681186.00,2015
"BI000163",3778000.00,188900.00,2015
"BI000167",21000000.00,1050000.00,2015
"BI000171",14000000.00,700000.00,2015
"BI000172",21000000.00,1050000.00,2015
"BI000173",14000000.00,700000.00,2015
"BI000176",45577720.00,2278885.00,2015
"BI000182",13732000.00,686600.00,2015
"BI000183",31346000.00,1567300.00,2015
"BI000185",46769000.00,2338450.00,2015
"BI000186",14000000.00,700000.00,2015
"BI000187",25670020.00,1283501.00,2015
"BI000188",30466350.00,1523317.00,2015
"BI000189",41317460.00,2065873.00,2015
"BI000190",7000000.00,350000.00,2015
"BI000193",72101540.00,3605076.00,2015
"BI000197",14000000.00,700000.00,2015
"BI000204",28000000.00,1400000.00,2015
"BI000205",265992980.00,13299648.00,2015
"BI000206",14000000.00,700000.00,2015
"BI000207",63109680.00,3155484.00,2015
"BI000208",94404260.00,4720212.00,2015
"BI000210",14000000.00,700000.00,2015
"BI000212",50727090.00,2536354.00,2015
"BI000214",27000000.00,1350000.00,2015
"BI000217",14000000.00,700000.00,2015
"BI000219",34845800.00,1742290.00,2015
"BI000220",52730000.00,2636500.00,2015
"BI000222",7000000.00,350000.00,2015
"BI000226",400919760.00,20045988.00,2015
"BI000227",14000000.00,700000.00,2015
"BI000230",29595130.00,1479755.00,2015
"BI000232",28221070.00,1411053.00,2015
"BI000234",25154000.00,1257700.00,2015
"BI000235",18000000.00,900000.00,2015
"BI000236",46609500.00,2330475.00,2015
"BI000237",18000000.00,900000.00,2015
"BI000239",191039100.00,9551955.00,2015
"BI000243",24000000.00,1200000.00,2015
"BI000245",4000000.00,200000.00,2015
"BI000246",51848960.00,2592448.00,2015
"BI000248",33143680.00,1657184.00,2015
"BI000249",18000000.00,900000.00,2015
"BI000251",74422770.00,3721138.00,2015
"BI000252",83275310.00,4163765.00,2015
"BI000253",36766440.00,1838322.00,2015
"BI000254",29077000.00,1453850.00,2015
"BI000255",20000000.00,1000000.00,2015
"BI000257",38573140.00,1928657.00,2015
"BI000258",193128060.00,9656403.00,2015
"BI000259",23462000.00,1173100.00,2015
"BI000260",20000000.00,1000000.00,2015
"BI000263",78560680.00,3928034.00,2015
"BI000267",96571240.00,4828562.00,2015
"BI000268",13000000.00,650000.00,2015
"BI000269",26307000.00,1315350.00,2015
"BI000271",32389970.00,1619497.00,2015
"BI000272",55077840.00,2753892.00,2015
"BI000273",6250000.00,312500.00,2015
"BI000275",4000000.00,200000.00,2015
"BI000276",20000000.00,1000000.00,2015
"BI000277",17365000.00,868250.00,2015
"BI000278",17000000.00,850000.00,2015
"BI000279",20077000.00,1003850.00,2015
"BI000280",4000000.00,200000.00,2015
"BI000281",11000000.00,550000.00,2015
"BI000282",18385000.00,919250.00,2015
"BI000285",12846000.00,642300.00,2015
"BI000286",25222000.00,1261100.00,2015
"BI000290",36165020.00,1808251.00,2015
"BI000291",14692000.00,734600.00,2015
"BI000292",18000000.00,900000.00,2015
"BI000294",21462000.00,1073100.00,2015
"BI000295",17000000.00,850000.00,2015
"BI000296",4000000.00,200000.00,2015
"BI000298",45829720.00,2291485.00,2015
"BI000299",23750000.00,1187500.00,2015
"BI000300",34529510.00,1726475.00,2015
"BI000304",16000000.00,800000.00,2015
"BI000306",29000000.00,1450000.00,2015
"BI000308",44363450.00,2218172.00,2015
"BI000311",34519920.00,1725996.00,2015
"BI000315",15769000.00,788450.00,2015
"BI000317",19000000.00,950000.00,2015
"BI000318",13000000.00,650000.00,2015
"BI000320",25000000.00,1250000.00,2015
"BI000321",10846000.00,542300.00,2015
"BI000322",12462000.00,623100.00,2015
"BI000326",3000000.00,150000.00,2015
"BI000328",15000000.00,750000.00,2015
"BI000329",10385000.00,519250.00,2015
"BI000330",41366810.00,2068340.00,2015
"BI000331",27758840.00,1387942.00,2015
"BI000333",120670780.00,6033538.00,2015
"BI000337",21076870.00,1053843.00,2015
"BI000338",15000000.00,750000.00,2015
"BI000341",10000000.00,500000.00,2015
"BI000346",63464810.00,3173240.00,2015
"BI000347",9000000.00,450000.00,2015
"BI000348",34780200.00,1739010.00,2015
"BI000349",11898000.00,594900.00,2015
"BI000351",29790890.00,1489544.00,2015
"BI000354",20075100.00,1003755.00,2015
"BI000357",5667000.00,283350.00,2015
"BI000361",17720000.00,886000.00,2015
"BI000362",28910550.00,1445527.00,2015
"BI000366",6000000.00,300000.00,2015
"BI000371",17360000.00,868000.00,2015
"BI000373",29328750.00,1466437.00,2015
"BI000375",38215410.00,1910770.00,2015
"BI000376",8077000.00,403850.00,2015
"BI000377",52630380.00,2631519.00,2015
"BI000378",14640000.00,732000.00,2015
"BI000379",45230360.00,2261518.00,2015
"BI000382",17578000.00,878900.00,2015
"BI000385",7385000.00,369250.00,2015
"BI000386",24448300.00,1222415.00,2015
"BI000387",5077000.00,253850.00,2015
"BI000389",7615000.00,380750.00,2015
"BI000391",3000000.00,150000.00,2015
"BI000394",18000000.00,900000.00,2015
"BI000401",34875340.00,1743767.00,2015
"BI000403",25230800.00,1261540.00,2015
"BI000406",30916050.00,1545802.00,2015
"BI000407",35516900.00,1775845.00,2015
"BI000414",70851680.00,3542583.00,2015
"BI000415",31464800.00,1573240.00,2015
"BI000419",6960000.00,348000.00,2015
"BI000424",22798700.00,1139935.00,2015
"BI000427",5400000.00,270000.00,2015
"BI000429",5160000.00,258000.00,2015
"BI000435",6000000.00,300000.00,2015
"BI000442",6000000.00,300000.00,2015
"BI000446",5222000.00,261100.00,2015
"BI000447",16000000.00,800000.00,2015
"BI000453",16000000.00,800000.00,2015
"BI000458",8667000.00,433350.00,2015
"BI000459",3000000.00,150000.00,2015
"BI000460",16000000.00,800000.00,2015
"BI000463",10000000.00,500000.00,2015
"BI000469",15000000.00,750000.00,2015
"BI000471",12000000.00,600000.00,2015
"BI000472",6000000.00,300000.00,2015
"BI000474",13000000.00,650000.00,2015
"BI000483",16000000.00,800000.00,2015
"BI000496",3000000.00,150000.00,2015
"BI000497",9000000.00,450000.00,2015
